user_id,date,time,category,merchant_name,amount
6664271e66cb1ac2237a0d57,6/8/2023,3:17 PM,food,Zomato,1218
6664271e66cb1ac2237a0d230,6/8/2023,5:40 AM,electricity,Adani Electricity,390
6664271e66cb1ac2237a0d628,6/8/2023,7:45 PM,movies,BookMyShow,3740
6664271e66cb1ac2237a0d1026,6/8/2023,7:58 PM,books,Amazon India,1751
6664271e66cb1ac2237a0d1034,6/8/2023,10:08 AM,mobile recharge,Paytm,3943
6664271e66cb1ac2237a0d242,6/9/2023,12:51 AM,movies,BookMyShow,5057
6664271e66cb1ac2237a0d468,6/9/2023,1:51 AM,groceries,BigBasket,594
6664271e66cb1ac2237a0d637,6/9/2023,10:06 PM,groceries,BigBasket,4633
6664271e66cb1ac2237a0d818,6/9/2023,2:22 AM,clothing,Myntra,7667
6664271e66cb1ac2237a0d671,6/10/2023,11:42 AM,movies,BookMyShow,2010
6664271e66cb1ac2237a0d86,6/12/2023,7:27 AM,food,Zomato,4238
6664271e66cb1ac2237a0d327,6/12/2023,11:34 PM,groceries,BigBasket,1540
6664271e66cb1ac2237a0d341,6/12/2023,11:46 PM,mobile recharge,Paytm,7152
6664271e66cb1ac2237a0d474,6/12/2023,6:25 PM,food,Zomato,9911
6664271e66cb1ac2237a0d547,6/12/2023,7:01 PM,movies,BookMyShow,8313
6664271e66cb1ac2237a0d581,6/12/2023,7:32 PM,electricity,Adani Electricity,2191
6664271e66cb1ac2237a0d717,6/12/2023,8:48 PM,electronics,Reliance Digital,1232
6664271e66cb1ac2237a0d304,6/13/2023,3:59 AM,groceries,BigBasket,8531
6664271e66cb1ac2237a0d640,6/13/2023,3:51 AM,electronics,Reliance Digital,9254
6664271e66cb1ac2237a0d745,6/13/2023,11:43 PM,electricity,Adani Electricity,4659
6664271e66cb1ac2237a0d1003,6/13/2023,2:29 AM,electronics,Reliance Digital,7800
6664271e66cb1ac2237a0d410,6/14/2023,1:01 PM,movies,BookMyShow,7369
6664271e66cb1ac2237a0d614,6/14/2023,3:36 PM,electronics,Reliance Digital,2755
6664271e66cb1ac2237a0d846,6/14/2023,6:54 PM,books,Amazon India,288
6664271e66cb1ac2237a0d66,6/15/2023,7:45 AM,mobile recharge,Paytm,6137
6664271e66cb1ac2237a0d612,6/15/2023,1:03 AM,movies,BookMyShow,9336
6664271e66cb1ac2237a0d825,6/15/2023,9:42 PM,food,Zomato,8182
6664271e66cb1ac2237a0d870,6/16/2023,12:37 AM,food,Zomato,784
6664271e66cb1ac2237a0d102,6/17/2023,5:53 PM,electronics,Reliance Digital,1210
6664271e66cb1ac2237a0d155,6/17/2023,11:34 PM,mobile recharge,Paytm,5166
6664271e66cb1ac2237a0d244,6/17/2023,4:36 AM,groceries,BigBasket,9738
6664271e66cb1ac2237a0d85,6/19/2023,7:40 AM,mobile recharge,Paytm,7600
6664271e66cb1ac2237a0d115,6/19/2023,5:22 PM,mobile recharge,Paytm,339
6664271e66cb1ac2237a0d353,6/19/2023,7:51 PM,electricity,Adani Electricity,4502
6664271e66cb1ac2237a0d534,6/19/2023,9:56 PM,food,Zomato,4665
6664271e66cb1ac2237a0d561,6/19/2023,12:17 PM,electronics,Reliance Digital,6351
6664271e66cb1ac2237a0d706,6/19/2023,9:06 AM,movies,BookMyShow,4583
6664271e66cb1ac2237a0d890,6/19/2023,5:16 AM,electronics,Reliance Digital,4971
6664271e66cb1ac2237a0d346,6/20/2023,8:29 AM,movies,BookMyShow,5067
6664271e66cb1ac2237a0d364,6/20/2023,5:35 AM,mobile recharge,Paytm,9250
6664271e66cb1ac2237a0d72,6/22/2023,8:44 PM,movies,BookMyShow,8511
6664271e66cb1ac2237a0d609,6/22/2023,1:04 AM,movies,BookMyShow,9527
6664271e66cb1ac2237a0d681,6/22/2023,4:01 PM,movies,BookMyShow,260
6664271e66cb1ac2237a0d158,6/23/2023,2:26 AM,mobile recharge,Paytm,6530
6664271e66cb1ac2237a0d249,6/23/2023,9:56 AM,electronics,Reliance Digital,4862
6664271e66cb1ac2237a0d383,6/24/2023,3:59 PM,food,Zomato,1606
6664271e66cb1ac2237a0d817,6/24/2023,5:40 AM,books,Amazon India,620
6664271e66cb1ac2237a0d856,6/24/2023,4:20 AM,clothing,Myntra,6010
6664271e66cb1ac2237a0d310,6/25/2023,2:59 AM,electronics,Reliance Digital,5999
6664271e66cb1ac2237a0d553,6/25/2023,3:39 AM,food,Zomato,2036
6664271e66cb1ac2237a0d707,6/25/2023,11:50 AM,mobile recharge,Paytm,7927
6664271e66cb1ac2237a0d834,6/25/2023,9:45 AM,electricity,Adani Electricity,7235
6664271e66cb1ac2237a0d399,6/26/2023,1:06 AM,movies,BookMyShow,356
6664271e66cb1ac2237a0d497,6/27/2023,6:27 AM,movies,BookMyShow,3708
6664271e66cb1ac2237a0d760,6/27/2023,3:05 AM,mobile recharge,Paytm,842
6664271e66cb1ac2237a0d1028,6/27/2023,10:44 AM,food,Zomato,8851
6664271e66cb1ac2237a0d196,6/28/2023,7:06 AM,books,Amazon India,7820
6664271e66cb1ac2237a0d952,6/28/2023,7:03 PM,groceries,BigBasket,4327
6664271e66cb1ac2237a0d983,6/28/2023,12:12 PM,movies,BookMyShow,7037
6664271e66cb1ac2237a0d402,6/29/2023,9:43 PM,movies,BookMyShow,9414
6664271e66cb1ac2237a0d976,6/29/2023,5:30 PM,electricity,Adani Electricity,3648
6664271e66cb1ac2237a0d337,6/30/2023,6:41 AM,clothing,Myntra,4894
6664271e66cb1ac2237a0d430,6/30/2023,2:23 PM,movies,BookMyShow,4064
6664271e66cb1ac2237a0d639,6/30/2023,8:44 AM,mobile recharge,Paytm,2151
6664271e66cb1ac2237a0d697,6/30/2023,8:05 PM,clothing,Myntra,5959
6664271e66cb1ac2237a0d897,6/30/2023,7:23 PM,books,Amazon India,866
6664271e66cb1ac2237a0d940,6/30/2023,12:13 AM,food,Zomato,6892
6664271e66cb1ac2237a0d994,6/30/2023,10:24 PM,electricity,Adani Electricity,8890
6664271e66cb1ac2237a0d1033,6/30/2023,6:31 AM,electronics,Reliance Digital,8841
6664271e66cb1ac2237a0d299,7/1/2023,6:45 PM,clothing,Myntra,5338
6664271e66cb1ac2237a0d807,7/1/2023,3:21 PM,food,Zomato,349
6664271e66cb1ac2237a0d464,7/2/2023,7:40 PM,electricity,Adani Electricity,6223
6664271e66cb1ac2237a0d977,7/2/2023,12:51 AM,movies,BookMyShow,2082
6664271e66cb1ac2237a0d500,7/4/2023,10:44 PM,food,Zomato,4903
6664271e66cb1ac2237a0d512,7/4/2023,12:11 AM,electricity,Adani Electricity,3699
6664271e66cb1ac2237a0d1002,7/4/2023,8:22 PM,electronics,Reliance Digital,9082
6664271e66cb1ac2237a0d117,7/5/2023,7:18 AM,electronics,Reliance Digital,8277
6664271e66cb1ac2237a0d277,7/5/2023,2:35 PM,clothing,Myntra,492
6664271e66cb1ac2237a0d730,7/5/2023,10:07 PM,electronics,Reliance Digital,5081
6664271e66cb1ac2237a0d930,7/5/2023,9:06 AM,electronics,Reliance Digital,700
6664271e66cb1ac2237a0d865,7/7/2023,8:48 AM,movies,BookMyShow,2838
6664271e66cb1ac2237a0d60,7/8/2023,5:54 AM,books,Amazon India,2757
6664271e66cb1ac2237a0d374,7/8/2023,10:18 PM,electronics,Reliance Digital,3050
6664271e66cb1ac2237a0d37,7/9/2023,12:28 PM,groceries,BigBasket,778
6664271e66cb1ac2237a0d110,7/9/2023,12:31 AM,clothing,Myntra,5282
6664271e66cb1ac2237a0d151,7/9/2023,2:33 PM,movies,BookMyShow,6198
6664271e66cb1ac2237a0d348,7/9/2023,12:05 AM,electricity,Adani Electricity,9505
6664271e66cb1ac2237a0d71,7/10/2023,3:15 AM,electronics,Reliance Digital,9034
6664271e66cb1ac2237a0d168,7/10/2023,10:08 AM,electronics,Reliance Digital,1304
6664271e66cb1ac2237a0d552,7/11/2023,9:58 AM,groceries,BigBasket,4500
6664271e66cb1ac2237a0d798,7/11/2023,10:11 PM,clothing,Myntra,1690
6664271e66cb1ac2237a0d568,7/12/2023,12:58 AM,mobile recharge,Paytm,5384
6664271e66cb1ac2237a0d862,7/13/2023,10:27 PM,clothing,Myntra,1688
6664271e66cb1ac2237a0d928,7/13/2023,12:14 PM,clothing,Myntra,3837
6664271e66cb1ac2237a0d951,7/13/2023,7:17 AM,books,Amazon India,9188
6664271e66cb1ac2237a0d295,7/14/2023,5:17 PM,movies,BookMyShow,6006
6664271e66cb1ac2237a0d526,7/14/2023,12:58 AM,electricity,Adani Electricity,9384
6664271e66cb1ac2237a0d542,7/14/2023,3:05 PM,books,Amazon India,4933
6664271e66cb1ac2237a0d824,7/14/2023,11:11 PM,clothing,Myntra,4296
6664271e66cb1ac2237a0d510,7/15/2023,8:45 PM,food,Zomato,4065
6664271e66cb1ac2237a0d594,7/15/2023,3:50 AM,electricity,Adani Electricity,5371
6664271e66cb1ac2237a0d602,7/15/2023,6:28 PM,movies,BookMyShow,8250
6664271e66cb1ac2237a0d992,7/16/2023,9:49 AM,electronics,Reliance Digital,454
6664271e66cb1ac2237a0d166,7/17/2023,9:15 PM,electricity,Adani Electricity,738
6664271e66cb1ac2237a0d315,7/17/2023,7:33 AM,clothing,Myntra,6822
6664271e66cb1ac2237a0d588,7/17/2023,8:24 PM,food,Zomato,4195
6664271e66cb1ac2237a0d935,7/17/2023,3:31 PM,movies,BookMyShow,2139
6664271e66cb1ac2237a0d895,7/20/2023,2:09 AM,food,Zomato,7142
6664271e66cb1ac2237a0d148,7/21/2023,1:44 AM,food,Zomato,1872
6664271e66cb1ac2237a0d919,7/22/2023,8:19 AM,books,Amazon India,1591
6664271e66cb1ac2237a0d126,7/23/2023,4:21 AM,books,Amazon India,8251
6664271e66cb1ac2237a0d128,7/23/2023,2:53 PM,mobile recharge,Paytm,3613
6664271e66cb1ac2237a0d800,7/23/2023,2:56 PM,clothing,Myntra,9528
6664271e66cb1ac2237a0d165,7/24/2023,8:15 PM,books,Amazon India,562
6664271e66cb1ac2237a0d390,7/24/2023,8:04 AM,books,Amazon India,4029
6664271e66cb1ac2237a0d423,7/24/2023,8:06 PM,mobile recharge,Paytm,8641
6664271e66cb1ac2237a0d617,7/24/2023,7:24 PM,mobile recharge,Paytm,2715
6664271e66cb1ac2237a0d881,7/24/2023,12:39 PM,groceries,BigBasket,2683
6664271e66cb1ac2237a0d498,7/25/2023,9:35 AM,mobile recharge,Paytm,4383
6664271e66cb1ac2237a0d894,7/25/2023,11:17 AM,clothing,Myntra,6638
6664271e66cb1ac2237a0d997,7/25/2023,1:03 PM,groceries,BigBasket,318
6664271e66cb1ac2237a0d108,7/26/2023,11:22 AM,food,Zomato,9733
6664271e66cb1ac2237a0d306,7/26/2023,3:08 AM,mobile recharge,Paytm,3974
6664271e66cb1ac2237a0d418,7/26/2023,12:57 PM,electricity,Adani Electricity,5508
6664271e66cb1ac2237a0d455,7/26/2023,6:16 AM,mobile recharge,Paytm,9606
6664271e66cb1ac2237a0d662,7/26/2023,3:22 PM,electronics,Reliance Digital,8669
6664271e66cb1ac2237a0d874,7/26/2023,7:23 AM,electricity,Adani Electricity,6474
6664271e66cb1ac2237a0d241,7/27/2023,3:59 PM,clothing,Myntra,5512
6664271e66cb1ac2237a0d296,7/27/2023,11:01 AM,electronics,Reliance Digital,4037
6664271e66cb1ac2237a0d391,7/27/2023,4:45 PM,movies,BookMyShow,6877
6664271e66cb1ac2237a0d62,7/28/2023,10:07 AM,groceries,BigBasket,2647
6664271e66cb1ac2237a0d584,7/28/2023,5:28 AM,food,Zomato,2773
6664271e66cb1ac2237a0d733,7/28/2023,10:40 PM,groceries,BigBasket,8747
6664271e66cb1ac2237a0d955,7/28/2023,2:04 AM,groceries,BigBasket,8288
6664271e66cb1ac2237a0d986,7/28/2023,12:29 PM,electricity,Adani Electricity,9989
6664271e66cb1ac2237a0d764,7/29/2023,10:46 AM,books,Amazon India,7043
6664271e66cb1ac2237a0d570,7/30/2023,1:19 PM,mobile recharge,Paytm,1342
6664271e66cb1ac2237a0d572,7/30/2023,5:00 AM,books,Amazon India,5975
6664271e66cb1ac2237a0d284,7/31/2023,5:35 PM,mobile recharge,Paytm,5026
6664271e66cb1ac2237a0d495,7/31/2023,5:58 PM,clothing,Myntra,7696
6664271e66cb1ac2237a0d1027,7/31/2023,8:38 PM,electronics,Reliance Digital,3017
6664271e66cb1ac2237a0d176,8/1/2023,11:33 AM,food,Zomato,7026
6664271e66cb1ac2237a0d323,8/1/2023,7:08 PM,groceries,BigBasket,5440
6664271e66cb1ac2237a0d636,8/1/2023,6:18 AM,groceries,BigBasket,447
6664271e66cb1ac2237a0d134,8/2/2023,12:08 AM,mobile recharge,Paytm,8126
6664271e66cb1ac2237a0d239,8/2/2023,6:01 PM,groceries,BigBasket,5179
6664271e66cb1ac2237a0d746,8/2/2023,12:15 PM,books,Amazon India,6005
6664271e66cb1ac2237a0d506,8/3/2023,12:14 PM,food,Zomato,5348
6664271e66cb1ac2237a0d843,8/3/2023,3:02 PM,electricity,Adani Electricity,7192
6664271e66cb1ac2237a0d100,8/4/2023,12:38 PM,electronics,Reliance Digital,6307
6664271e66cb1ac2237a0d429,8/4/2023,1:01 PM,electronics,Reliance Digital,9982
6664271e66cb1ac2237a0d679,8/4/2023,10:44 PM,movies,BookMyShow,7155
6664271e66cb1ac2237a0d805,8/4/2023,12:51 AM,food,Zomato,6488
6664271e66cb1ac2237a0d246,8/6/2023,2:19 AM,electricity,Adani Electricity,9830
6664271e66cb1ac2237a0d303,8/6/2023,9:39 PM,food,Zomato,601
6664271e66cb1ac2237a0d635,8/6/2023,7:45 AM,electricity,Adani Electricity,5014
6664271e66cb1ac2237a0d739,8/6/2023,12:45 AM,electronics,Reliance Digital,8845
6664271e66cb1ac2237a0d987,8/6/2023,6:02 PM,electronics,Reliance Digital,2714
6664271e66cb1ac2237a0d1022,8/6/2023,8:47 AM,mobile recharge,Paytm,6894
6664271e66cb1ac2237a0d516,8/7/2023,5:11 PM,mobile recharge,Paytm,1090
6664271e66cb1ac2237a0d401,8/8/2023,6:00 PM,books,Amazon India,7471
6664271e66cb1ac2237a0d869,8/8/2023,8:10 PM,clothing,Myntra,8252
6664271e66cb1ac2237a0d325,8/9/2023,3:35 PM,groceries,BigBasket,3484
6664271e66cb1ac2237a0d366,8/9/2023,11:35 AM,electronics,Reliance Digital,3962
6664271e66cb1ac2237a0d387,8/11/2023,12:54 AM,books,Amazon India,380
6664271e66cb1ac2237a0d780,8/11/2023,2:48 PM,books,Amazon India,984
6664271e66cb1ac2237a0d971,8/11/2023,10:09 AM,electronics,Reliance Digital,3653
6664271e66cb1ac2237a0d539,8/12/2023,8:34 PM,food,Zomato,56
6664271e66cb1ac2237a0d48,8/13/2023,8:36 PM,electricity,Adani Electricity,6136
6664271e66cb1ac2237a0d171,8/14/2023,10:25 AM,electronics,Reliance Digital,4560
6664271e66cb1ac2237a0d945,8/14/2023,6:19 PM,electricity,Adani Electricity,3793
6664271e66cb1ac2237a0d343,8/15/2023,2:57 AM,mobile recharge,Paytm,2456
6664271e66cb1ac2237a0d152,8/16/2023,9:48 PM,clothing,Myntra,4679
6664271e66cb1ac2237a0d305,8/16/2023,7:54 AM,electronics,Reliance Digital,7150
6664271e66cb1ac2237a0d991,8/16/2023,10:34 AM,clothing,Myntra,9476
6664271e66cb1ac2237a0d683,8/17/2023,9:03 AM,movies,BookMyShow,8411
6664271e66cb1ac2237a0d494,8/18/2023,5:33 PM,food,Zomato,7121
6664271e66cb1ac2237a0d752,8/18/2023,4:15 AM,movies,BookMyShow,9383
6664271e66cb1ac2237a0d942,8/18/2023,3:19 AM,electricity,Adani Electricity,9843
6664271e66cb1ac2237a0d186,8/19/2023,12:06 AM,groceries,BigBasket,9874
6664271e66cb1ac2237a0d292,8/19/2023,8:57 AM,books,Amazon India,6556
6664271e66cb1ac2237a0d648,8/20/2023,12:38 PM,books,Amazon India,6689
6664271e66cb1ac2237a0d688,8/20/2023,10:52 PM,groceries,BigBasket,41
6664271e66cb1ac2237a0d702,8/20/2023,12:32 PM,mobile recharge,Paytm,1039
6664271e66cb1ac2237a0d829,8/20/2023,10:37 AM,electricity,Adani Electricity,5352
6664271e66cb1ac2237a0d42,8/21/2023,7:43 AM,electricity,Adani Electricity,3538
6664271e66cb1ac2237a0d92,8/21/2023,10:34 AM,electronics,Reliance Digital,6290
6664271e66cb1ac2237a0d194,8/22/2023,5:54 PM,clothing,Myntra,1469
6664271e66cb1ac2237a0d382,8/22/2023,7:12 PM,movies,BookMyShow,9423
6664271e66cb1ac2237a0d691,8/22/2023,4:31 PM,electronics,Reliance Digital,9784
6664271e66cb1ac2237a0d771,8/22/2023,11:45 PM,electricity,Adani Electricity,8978
6664271e66cb1ac2237a0d790,8/22/2023,4:31 AM,food,Zomato,8527
6664271e66cb1ac2237a0d427,8/23/2023,3:08 AM,electronics,Reliance Digital,5539
6664271e66cb1ac2237a0d585,8/23/2023,4:51 PM,food,Zomato,1880
6664271e66cb1ac2237a0d868,8/23/2023,9:43 AM,electronics,Reliance Digital,2049
6664271e66cb1ac2237a0d582,8/24/2023,10:42 AM,books,Amazon India,3185
6664271e66cb1ac2237a0d738,8/24/2023,9:20 AM,food,Zomato,7946
6664271e66cb1ac2237a0d388,8/25/2023,8:14 AM,groceries,BigBasket,9540
6664271e66cb1ac2237a0d420,8/25/2023,5:16 PM,electricity,Adani Electricity,9988
6664271e66cb1ac2237a0d729,8/25/2023,1:27 AM,books,Amazon India,8970
6664271e66cb1ac2237a0d339,8/26/2023,1:22 AM,books,Amazon India,6966
6664271e66cb1ac2237a0d583,8/26/2023,10:12 AM,books,Amazon India,3437
6664271e66cb1ac2237a0d633,8/27/2023,9:07 PM,groceries,BigBasket,5185
6664271e66cb1ac2237a0d990,8/28/2023,9:32 AM,books,Amazon India,9722
6664271e66cb1ac2237a0d52,8/29/2023,8:00 AM,movies,BookMyShow,1410
6664271e66cb1ac2237a0d279,8/30/2023,2:23 AM,electronics,Reliance Digital,63
6664271e66cb1ac2237a0d362,8/30/2023,1:42 PM,mobile recharge,Paytm,7127
6664271e66cb1ac2237a0d56,8/31/2023,12:29 AM,books,Amazon India,6887
6664271e66cb1ac2237a0d416,8/31/2023,3:05 PM,movies,BookMyShow,2609
6664271e66cb1ac2237a0d643,8/31/2023,8:40 AM,mobile recharge,Paytm,8785
6664271e66cb1ac2237a0d808,8/31/2023,5:19 PM,clothing,Myntra,852
6664271e66cb1ac2237a0d365,9/1/2023,12:16 PM,movies,BookMyShow,4898
6664271e66cb1ac2237a0d674,9/1/2023,7:56 AM,clothing,Myntra,5131
6664271e66cb1ac2237a0d93,9/2/2023,10:44 AM,electricity,Adani Electricity,1199
6664271e66cb1ac2237a0d130,9/2/2023,3:19 AM,movies,BookMyShow,1486
6664271e66cb1ac2237a0d231,9/2/2023,6:31 AM,electronics,Reliance Digital,7120
6664271e66cb1ac2237a0d560,9/2/2023,6:59 AM,electricity,Adani Electricity,852
6664271e66cb1ac2237a0d193,9/3/2023,7:24 AM,electronics,Reliance Digital,8744
6664271e66cb1ac2237a0d379,9/3/2023,6:23 AM,mobile recharge,Paytm,6467
6664271e66cb1ac2237a0d462,9/3/2023,3:04 PM,groceries,BigBasket,2034
6664271e66cb1ac2237a0d795,9/3/2023,11:39 AM,books,Amazon India,9354
6664271e66cb1ac2237a0d444,9/4/2023,2:38 PM,clothing,Myntra,7863
6664271e66cb1ac2237a0d491,9/4/2023,6:19 PM,clothing,Myntra,9486
6664271e66cb1ac2237a0d527,9/4/2023,2:25 PM,movies,BookMyShow,7504
6664271e66cb1ac2237a0d836,9/4/2023,4:43 PM,books,Amazon India,4504
6664271e66cb1ac2237a0d1018,9/4/2023,7:36 PM,electricity,Adani Electricity,3825
6664271e66cb1ac2237a0d378,9/5/2023,8:27 PM,movies,BookMyShow,1273
6664271e66cb1ac2237a0d724,9/5/2023,8:26 PM,food,Zomato,4128
6664271e66cb1ac2237a0d957,9/5/2023,8:29 PM,clothing,Myntra,6529
6664271e66cb1ac2237a0d302,9/6/2023,1:22 AM,clothing,Myntra,1303
6664271e66cb1ac2237a0d536,9/6/2023,11:14 PM,books,Amazon India,8490
6664271e66cb1ac2237a0d975,9/6/2023,1:17 AM,books,Amazon India,8151
6664271e66cb1ac2237a0d849,9/7/2023,9:30 PM,groceries,BigBasket,4069
6664271e66cb1ac2237a0d485,9/8/2023,12:10 PM,movies,BookMyShow,5302
6664271e66cb1ac2237a0d551,9/8/2023,8:34 AM,movies,BookMyShow,5055
6664271e66cb1ac2237a0d692,9/9/2023,7:43 AM,groceries,BigBasket,9698
6664271e66cb1ac2237a0d262,9/10/2023,4:49 PM,mobile recharge,Paytm,3862
6664271e66cb1ac2237a0d463,9/10/2023,1:03 AM,electronics,Reliance Digital,479
6664271e66cb1ac2237a0d742,9/10/2023,12:55 PM,electronics,Reliance Digital,19
6664271e66cb1ac2237a0d307,9/11/2023,5:38 AM,electronics,Reliance Digital,2867
6664271e66cb1ac2237a0d774,9/11/2023,11:44 PM,groceries,BigBasket,5132
6664271e66cb1ac2237a0d830,9/11/2023,11:34 PM,electricity,Adani Electricity,8802
6664271e66cb1ac2237a0d338,9/12/2023,11:27 PM,mobile recharge,Paytm,4228
6664271e66cb1ac2237a0d1008,9/12/2023,11:58 PM,groceries,BigBasket,7312
6664271e66cb1ac2237a0d909,9/13/2023,10:36 PM,electronics,Reliance Digital,8011
6664271e66cb1ac2237a0d267,9/14/2023,9:14 PM,mobile recharge,Paytm,8916
6664271e66cb1ac2237a0d794,9/14/2023,1:14 AM,food,Zomato,4376
6664271e66cb1ac2237a0d138,9/15/2023,5:00 PM,electronics,Reliance Digital,2231
6664271e66cb1ac2237a0d257,9/15/2023,10:49 PM,movies,BookMyShow,7811
6664271e66cb1ac2237a0d324,9/15/2023,5:15 PM,electronics,Reliance Digital,8228
6664271e66cb1ac2237a0d649,9/15/2023,10:36 AM,electricity,Adani Electricity,3731
6664271e66cb1ac2237a0d782,9/15/2023,2:44 PM,electronics,Reliance Digital,8706
6664271e66cb1ac2237a0d821,9/15/2023,5:32 AM,electricity,Adani Electricity,6019
6664271e66cb1ac2237a0d511,9/16/2023,6:43 AM,electronics,Reliance Digital,8665
6664271e66cb1ac2237a0d684,9/16/2023,10:39 AM,electronics,Reliance Digital,5480
6664271e66cb1ac2237a0d270,9/17/2023,3:15 AM,electronics,Reliance Digital,8933
6664271e66cb1ac2237a0d428,9/17/2023,2:17 PM,movies,BookMyShow,3255
6664271e66cb1ac2237a0d910,9/17/2023,4:02 PM,food,Zomato,450
6664271e66cb1ac2237a0d493,9/18/2023,5:52 PM,mobile recharge,Paytm,2537
6664271e66cb1ac2237a0d839,9/18/2023,3:03 AM,mobile recharge,Paytm,2287
6664271e66cb1ac2237a0d218,9/19/2023,8:15 AM,movies,BookMyShow,2423
6664271e66cb1ac2237a0d810,9/19/2023,11:47 AM,movies,BookMyShow,5811
6664271e66cb1ac2237a0d998,9/19/2023,11:25 AM,food,Zomato,3103
6664271e66cb1ac2237a0d265,9/20/2023,5:00 PM,electricity,Adani Electricity,5727
6664271e66cb1ac2237a0d409,9/20/2023,5:07 AM,groceries,BigBasket,3016
6664271e66cb1ac2237a0d871,9/20/2023,10:25 AM,mobile recharge,Paytm,2612
6664271e66cb1ac2237a0d228,9/21/2023,9:51 PM,electronics,Reliance Digital,4925
6664271e66cb1ac2237a0d405,9/21/2023,4:47 AM,clothing,Myntra,6302
6664271e66cb1ac2237a0d931,9/21/2023,3:32 PM,electricity,Adani Electricity,8361
6664271e66cb1ac2237a0d36,9/22/2023,12:44 PM,movies,BookMyShow,7684
6664271e66cb1ac2237a0d213,9/22/2023,2:27 PM,electricity,Adani Electricity,5032
6664271e66cb1ac2237a0d456,9/22/2023,8:36 PM,electronics,Reliance Digital,2889
6664271e66cb1ac2237a0d915,9/22/2023,8:05 AM,movies,BookMyShow,8274
6664271e66cb1ac2237a0d61,9/23/2023,1:28 PM,food,Zomato,7962
6664271e66cb1ac2237a0d710,9/23/2023,2:42 AM,food,Zomato,7802
6664271e66cb1ac2237a0d767,9/24/2023,6:32 PM,mobile recharge,Paytm,3055
6664271e66cb1ac2237a0d188,9/25/2023,11:41 AM,clothing,Myntra,3154
6664271e66cb1ac2237a0d68,9/26/2023,10:31 PM,books,Amazon India,2065
6664271e66cb1ac2237a0d238,9/26/2023,6:24 AM,mobile recharge,Paytm,9854
6664271e66cb1ac2237a0d768,9/26/2023,12:43 PM,food,Zomato,469
6664271e66cb1ac2237a0d933,9/26/2023,11:19 AM,movies,BookMyShow,7903
6664271e66cb1ac2237a0d535,9/27/2023,10:26 PM,clothing,Myntra,7264
6664271e66cb1ac2237a0d799,9/27/2023,10:06 PM,electronics,Reliance Digital,4017
6664271e66cb1ac2237a0d916,9/27/2023,8:14 PM,electricity,Adani Electricity,5275
6664271e66cb1ac2237a0d331,9/28/2023,6:59 PM,groceries,BigBasket,5013
6664271e66cb1ac2237a0d772,9/28/2023,5:58 PM,electricity,Adani Electricity,297
6664271e66cb1ac2237a0d43,9/29/2023,1:43 PM,food,Zomato,3928
6664271e66cb1ac2237a0d94,9/30/2023,6:22 PM,mobile recharge,Paytm,4479
6664271e66cb1ac2237a0d179,10/1/2023,5:37 PM,food,Zomato,4322
6664271e66cb1ac2237a0d655,10/1/2023,3:19 PM,books,Amazon India,4354
6664271e66cb1ac2237a0d735,10/1/2023,12:15 AM,mobile recharge,Paytm,4270
6664271e66cb1ac2237a0d903,10/1/2023,6:28 AM,electricity,Adani Electricity,721
6664271e66cb1ac2237a0d906,10/2/2023,4:56 PM,electronics,Reliance Digital,8802
6664271e66cb1ac2237a0d948,10/2/2023,7:36 AM,clothing,Myntra,4046
6664271e66cb1ac2237a0d90,10/3/2023,12:35 PM,movies,BookMyShow,8752
6664271e66cb1ac2237a0d101,10/3/2023,10:31 PM,books,Amazon India,5994
6664271e66cb1ac2237a0d356,10/3/2023,10:45 AM,movies,BookMyShow,1745
6664271e66cb1ac2237a0d580,10/3/2023,2:56 AM,food,Zomato,7961
6664271e66cb1ac2237a0d708,10/3/2023,6:37 AM,mobile recharge,Paytm,4728
6664271e66cb1ac2237a0d70,10/4/2023,1:45 AM,food,Zomato,8233
6664271e66cb1ac2237a0d359,10/4/2023,1:12 AM,clothing,Myntra,4415
6664271e66cb1ac2237a0d678,10/4/2023,1:18 PM,books,Amazon India,6873
6664271e66cb1ac2237a0d823,10/4/2023,5:00 AM,food,Zomato,5534
6664271e66cb1ac2237a0d907,10/4/2023,8:33 AM,electronics,Reliance Digital,3952
6664271e66cb1ac2237a0d921,10/4/2023,9:11 AM,electronics,Reliance Digital,1902
6664271e66cb1ac2237a0d80,10/5/2023,3:52 PM,books,Amazon India,3861
6664271e66cb1ac2237a0d202,10/5/2023,2:21 PM,mobile recharge,Paytm,8881
6664271e66cb1ac2237a0d484,10/5/2023,9:45 PM,mobile recharge,Paytm,9195
6664271e66cb1ac2237a0d701,10/5/2023,3:28 AM,books,Amazon India,4403
6664271e66cb1ac2237a0d773,10/5/2023,7:13 PM,clothing,Myntra,9844
6664271e66cb1ac2237a0d792,10/5/2023,8:40 PM,food,Zomato,926
6664271e66cb1ac2237a0d220,10/6/2023,1:30 AM,food,Zomato,9087
6664271e66cb1ac2237a0d658,10/6/2023,4:35 AM,movies,BookMyShow,889
6664271e66cb1ac2237a0d105,10/7/2023,1:14 PM,groceries,BigBasket,6213
6664271e66cb1ac2237a0d978,10/7/2023,12:08 AM,books,Amazon India,7934
6664271e66cb1ac2237a0d433,10/8/2023,11:30 AM,food,Zomato,4205
6664271e66cb1ac2237a0d673,10/9/2023,6:24 AM,groceries,BigBasket,9765
6664271e66cb1ac2237a0d941,10/9/2023,7:34 AM,mobile recharge,Paytm,8692
6664271e66cb1ac2237a0d414,10/10/2023,5:58 PM,books,Amazon India,9490
6664271e66cb1ac2237a0d912,10/10/2023,2:03 PM,books,Amazon India,627
6664271e66cb1ac2237a0d465,10/11/2023,7:34 AM,mobile recharge,Paytm,1190
6664271e66cb1ac2237a0d646,10/11/2023,5:39 AM,clothing,Myntra,6153
6664271e66cb1ac2237a0d114,10/12/2023,8:05 AM,groceries,BigBasket,3450
6664271e66cb1ac2237a0d377,10/12/2023,7:20 PM,electricity,Adani Electricity,7244
6664271e66cb1ac2237a0d443,10/12/2023,5:09 AM,electricity,Adani Electricity,8925
6664271e66cb1ac2237a0d1000,10/12/2023,10:12 AM,electricity,Adani Electricity,4483
6664271e66cb1ac2237a0d119,10/13/2023,1:03 PM,movies,BookMyShow,713
6664271e66cb1ac2237a0d275,10/13/2023,4:59 AM,food,Zomato,1812
6664271e66cb1ac2237a0d473,10/13/2023,12:08 PM,books,Amazon India,7754
6664271e66cb1ac2237a0d686,10/13/2023,3:42 PM,movies,BookMyShow,2898
6664271e66cb1ac2237a0d982,10/13/2023,5:23 PM,clothing,Myntra,4493
6664271e66cb1ac2237a0d106,10/14/2023,11:50 PM,movies,BookMyShow,5405
6664271e66cb1ac2237a0d831,10/14/2023,11:00 PM,groceries,BigBasket,4684
6664271e66cb1ac2237a0d95,10/15/2023,9:46 PM,movies,BookMyShow,3390
6664271e66cb1ac2237a0d979,10/15/2023,9:01 AM,food,Zomato,5280
6664271e66cb1ac2237a0d611,10/16/2023,3:14 PM,groceries,BigBasket,1951
6664271e66cb1ac2237a0d287,10/17/2023,6:10 PM,electronics,Reliance Digital,7825
6664271e66cb1ac2237a0d995,10/17/2023,2:22 AM,clothing,Myntra,8736
6664271e66cb1ac2237a0d1012,10/18/2023,10:52 AM,mobile recharge,Paytm,9674
6664271e66cb1ac2237a0d91,10/19/2023,2:02 PM,groceries,BigBasket,1468
6664271e66cb1ac2237a0d770,10/19/2023,3:52 AM,clothing,Myntra,6070
6664271e66cb1ac2237a0d524,10/20/2023,1:34 PM,food,Zomato,7094
6664271e66cb1ac2237a0d878,10/20/2023,4:28 AM,groceries,BigBasket,1461
6664271e66cb1ac2237a0d140,10/21/2023,12:16 PM,mobile recharge,Paytm,9335
6664271e66cb1ac2237a0d208,10/21/2023,7:21 AM,electricity,Adani Electricity,2503
6664271e66cb1ac2237a0d293,10/21/2023,2:06 AM,groceries,BigBasket,8116
6664271e66cb1ac2237a0d424,10/22/2023,7:52 PM,clothing,Myntra,7337
6664271e66cb1ac2237a0d618,10/23/2023,2:35 AM,books,Amazon India,3220
6664271e66cb1ac2237a0d595,10/24/2023,11:31 PM,electricity,Adani Electricity,2214
6664271e66cb1ac2237a0d769,10/24/2023,5:42 PM,movies,BookMyShow,8406
6664271e66cb1ac2237a0d235,10/25/2023,4:27 AM,books,Amazon India,5298
6664271e66cb1ac2237a0d256,10/25/2023,3:48 PM,electricity,Adani Electricity,9985
6664271e66cb1ac2237a0d440,10/25/2023,11:08 PM,electronics,Reliance Digital,5656
6664271e66cb1ac2237a0d501,10/25/2023,12:12 AM,electricity,Adani Electricity,443
6664271e66cb1ac2237a0d597,10/25/2023,7:39 AM,movies,BookMyShow,6244
6664271e66cb1ac2237a0d726,10/25/2023,8:57 AM,electricity,Adani Electricity,7319
6664271e66cb1ac2237a0d806,10/25/2023,11:38 PM,mobile recharge,Paytm,1228
6664271e66cb1ac2237a0d953,10/25/2023,7:09 AM,food,Zomato,411
6664271e66cb1ac2237a0d181,10/26/2023,1:14 PM,electricity,Adani Electricity,9066
6664271e66cb1ac2237a0d222,10/26/2023,10:04 PM,groceries,BigBasket,2516
6664271e66cb1ac2237a0d322,10/26/2023,7:18 PM,mobile recharge,Paytm,1221
6664271e66cb1ac2237a0d802,10/26/2023,5:11 AM,clothing,Myntra,8133
6664271e66cb1ac2237a0d963,10/26/2023,9:47 PM,groceries,BigBasket,2415
6664271e66cb1ac2237a0d487,10/27/2023,2:15 AM,mobile recharge,Paytm,6417
6664271e66cb1ac2237a0d645,10/28/2023,3:23 PM,groceries,BigBasket,5847
6664271e66cb1ac2237a0d689,10/28/2023,9:03 AM,mobile recharge,Paytm,346
6664271e66cb1ac2237a0d755,10/28/2023,2:45 PM,electronics,Reliance Digital,3230
6664271e66cb1ac2237a0d984,10/28/2023,5:20 PM,electronics,Reliance Digital,6420
6664271e66cb1ac2237a0d514,10/29/2023,9:56 PM,mobile recharge,Paytm,3784
6664271e66cb1ac2237a0d533,10/29/2023,1:22 AM,movies,BookMyShow,3160
6664271e66cb1ac2237a0d939,10/29/2023,1:29 PM,groceries,BigBasket,5720
6664271e66cb1ac2237a0d187,10/30/2023,4:39 AM,groceries,BigBasket,1906
6664271e66cb1ac2237a0d189,10/30/2023,7:52 PM,electricity,Adani Electricity,7383
6664271e66cb1ac2237a0d201,10/30/2023,10:57 AM,mobile recharge,Paytm,2187
6664271e66cb1ac2237a0d389,10/30/2023,3:11 PM,groceries,BigBasket,4021
6664271e66cb1ac2237a0d483,10/30/2023,3:09 PM,groceries,BigBasket,4739
6664271e66cb1ac2237a0d663,10/30/2023,3:14 AM,clothing,Myntra,7729
6664271e66cb1ac2237a0d286,10/31/2023,2:56 AM,food,Zomato,386
6664271e66cb1ac2237a0d779,10/31/2023,3:30 AM,electronics,Reliance Digital,1321
6664271e66cb1ac2237a0d469,11/1/2023,10:29 PM,electronics,Reliance Digital,5594
6664271e66cb1ac2237a0d574,11/2/2023,4:19 AM,food,Zomato,8493
6664271e66cb1ac2237a0d925,11/2/2023,5:57 PM,movies,BookMyShow,4262
6664271e66cb1ac2237a0d212,11/3/2023,9:19 PM,clothing,Myntra,5118
6664271e66cb1ac2237a0d559,11/3/2023,4:13 PM,electronics,Reliance Digital,180
6664271e66cb1ac2237a0d901,11/3/2023,11:33 AM,movies,BookMyShow,3513
6664271e66cb1ac2237a0d668,11/4/2023,2:01 AM,electricity,Adani Electricity,7723
6664271e66cb1ac2237a0d675,11/4/2023,4:13 PM,food,Zomato,5797
6664271e66cb1ac2237a0d861,11/4/2023,5:28 AM,electronics,Reliance Digital,945
6664271e66cb1ac2237a0d889,11/4/2023,11:21 PM,groceries,BigBasket,6073
6664271e66cb1ac2237a0d336,11/5/2023,12:37 PM,books,Amazon India,4192
6664271e66cb1ac2237a0d345,11/5/2023,11:02 PM,groceries,BigBasket,9357
6664271e66cb1ac2237a0d442,11/5/2023,1:17 AM,books,Amazon India,7960
6664271e66cb1ac2237a0d620,11/5/2023,3:07 AM,books,Amazon India,6816
6664271e66cb1ac2237a0d672,11/6/2023,9:04 PM,books,Amazon India,4797
6664271e66cb1ac2237a0d884,11/6/2023,4:11 AM,movies,BookMyShow,1878
6664271e66cb1ac2237a0d905,11/6/2023,8:30 AM,electronics,Reliance Digital,6137
6664271e66cb1ac2237a0d283,11/7/2023,2:47 AM,electricity,Adani Electricity,1275
6664271e66cb1ac2237a0d528,11/8/2023,4:16 PM,electronics,Reliance Digital,5625
6664271e66cb1ac2237a0d606,11/8/2023,5:59 PM,groceries,BigBasket,9505
6664271e66cb1ac2237a0d1031,11/8/2023,12:15 AM,groceries,BigBasket,9683
6664271e66cb1ac2237a0d73,11/9/2023,9:34 AM,groceries,BigBasket,6025
6664271e66cb1ac2237a0d192,11/9/2023,4:48 PM,books,Amazon India,6740
6664271e66cb1ac2237a0d437,11/9/2023,6:40 PM,food,Zomato,8216
6664271e66cb1ac2237a0d728,11/9/2023,11:06 AM,electronics,Reliance Digital,3660
6664271e66cb1ac2237a0d816,11/9/2023,12:24 PM,groceries,BigBasket,9265
6664271e66cb1ac2237a0d943,11/9/2023,6:14 AM,electricity,Adani Electricity,5994
6664271e66cb1ac2237a0d1019,11/9/2023,12:02 AM,electricity,Adani Electricity,2377
6664271e66cb1ac2237a0d1032,11/9/2023,8:49 AM,electronics,Reliance Digital,2268
6664271e66cb1ac2237a0d127,11/10/2023,11:15 AM,clothing,Myntra,752
6664271e66cb1ac2237a0d183,11/11/2023,4:48 AM,food,Zomato,8727
6664271e66cb1ac2237a0d453,11/11/2023,9:20 AM,clothing,Myntra,3332
6664271e66cb1ac2237a0d593,11/12/2023,2:27 PM,books,Amazon India,8981
6664271e66cb1ac2237a0d417,11/14/2023,2:59 AM,food,Zomato,7442
6664271e66cb1ac2237a0d273,11/15/2023,4:24 PM,mobile recharge,Paytm,822
6664271e66cb1ac2237a0d351,11/15/2023,6:27 PM,mobile recharge,Paytm,8637
6664271e66cb1ac2237a0d888,11/15/2023,12:57 PM,electricity,Adani Electricity,5407
6664271e66cb1ac2237a0d205,11/16/2023,6:36 AM,groceries,BigBasket,9913
6664271e66cb1ac2237a0d687,11/16/2023,7:13 PM,clothing,Myntra,3541
6664271e66cb1ac2237a0d712,11/16/2023,9:24 AM,movies,BookMyShow,2874
6664271e66cb1ac2237a0d596,11/17/2023,6:05 AM,groceries,BigBasket,9467
6664271e66cb1ac2237a0d852,11/17/2023,11:50 PM,clothing,Myntra,2936
6664271e66cb1ac2237a0d103,11/18/2023,1:11 AM,food,Zomato,6714
6664271e66cb1ac2237a0d622,11/18/2023,9:07 PM,electronics,Reliance Digital,127
6664271e66cb1ac2237a0d373,11/19/2023,10:42 AM,food,Zomato,7762
6664271e66cb1ac2237a0d69,11/20/2023,4:57 PM,books,Amazon India,9035
6664271e66cb1ac2237a0d502,11/21/2023,3:25 AM,clothing,Myntra,3821
6664271e66cb1ac2237a0d757,11/21/2023,3:56 AM,electricity,Adani Electricity,2403
6664271e66cb1ac2237a0d777,11/21/2023,10:27 PM,clothing,Myntra,4187
6664271e66cb1ac2237a0d972,11/21/2023,8:58 AM,food,Zomato,6661
6664271e66cb1ac2237a0d301,11/22/2023,1:36 AM,books,Amazon India,6608
6664271e66cb1ac2237a0d316,11/22/2023,5:38 PM,mobile recharge,Paytm,2205
6664271e66cb1ac2237a0d432,11/22/2023,5:17 AM,clothing,Myntra,2884
6664271e66cb1ac2237a0d550,11/22/2023,7:10 AM,food,Zomato,5195
6664271e66cb1ac2237a0d932,11/22/2023,8:54 AM,movies,BookMyShow,3184
6664271e66cb1ac2237a0d1004,11/22/2023,4:00 AM,clothing,Myntra,4747
6664271e66cb1ac2237a0d449,11/23/2023,11:35 AM,movies,BookMyShow,105
6664271e66cb1ac2237a0d488,11/23/2023,1:56 AM,electronics,Reliance Digital,4243
6664271e66cb1ac2237a0d693,11/23/2023,6:07 AM,groceries,BigBasket,286
6664271e66cb1ac2237a0d965,11/23/2023,6:07 AM,electricity,Adani Electricity,1663
6664271e66cb1ac2237a0d149,11/24/2023,9:39 AM,food,Zomato,3925
6664271e66cb1ac2237a0d219,11/24/2023,6:00 AM,groceries,BigBasket,2828
6664271e66cb1ac2237a0d298,11/24/2023,11:44 PM,mobile recharge,Paytm,3982
6664271e66cb1ac2237a0d974,11/24/2023,5:30 PM,electronics,Reliance Digital,4691
6664271e66cb1ac2237a0d153,11/25/2023,10:39 PM,electricity,Adani Electricity,9183
6664271e66cb1ac2237a0d657,11/25/2023,8:07 AM,groceries,BigBasket,9402
6664271e66cb1ac2237a0d867,11/25/2023,12:17 PM,electronics,Reliance Digital,2546
6664271e66cb1ac2237a0d876,11/25/2023,11:05 PM,electricity,Adani Electricity,3704
6664271e66cb1ac2237a0d160,11/26/2023,10:26 PM,food,Zomato,9735
6664271e66cb1ac2237a0d650,11/26/2023,1:44 PM,movies,BookMyShow,133
6664271e66cb1ac2237a0d107,11/27/2023,7:05 PM,electronics,Reliance Digital,4807
6664271e66cb1ac2237a0d564,11/27/2023,2:17 AM,electronics,Reliance Digital,6142
6664271e66cb1ac2237a0d184,11/28/2023,7:09 AM,groceries,BigBasket,1596
6664271e66cb1ac2237a0d407,11/28/2023,7:13 PM,electronics,Reliance Digital,7889
6664271e66cb1ac2237a0d448,11/28/2023,2:54 AM,books,Amazon India,417
6664271e66cb1ac2237a0d642,11/28/2023,2:19 AM,books,Amazon India,207
6664271e66cb1ac2237a0d713,11/28/2023,1:56 PM,groceries,BigBasket,1709
6664271e66cb1ac2237a0d352,11/29/2023,3:04 AM,mobile recharge,Paytm,1183
6664271e66cb1ac2237a0d793,11/29/2023,3:27 PM,food,Zomato,2807
6664271e66cb1ac2237a0d290,11/30/2023,4:37 PM,mobile recharge,Paytm,8145
6664271e66cb1ac2237a0d789,11/30/2023,11:00 PM,electricity,Adani Electricity,9977
6664271e66cb1ac2237a0d289,12/1/2023,10:25 AM,clothing,Myntra,7821
6664271e66cb1ac2237a0d778,12/1/2023,6:55 PM,electricity,Adani Electricity,3108
6664271e66cb1ac2237a0d853,12/1/2023,5:28 PM,mobile recharge,Paytm,1042
6664271e66cb1ac2237a0d837,12/2/2023,6:33 AM,electricity,Adani Electricity,7175
6664271e66cb1ac2237a0d969,12/2/2023,3:09 PM,electronics,Reliance Digital,2737
6664271e66cb1ac2237a0d161,12/3/2023,10:19 PM,clothing,Myntra,194
6664271e66cb1ac2237a0d515,12/3/2023,11:07 PM,food,Zomato,9975
6664271e66cb1ac2237a0d259,12/4/2023,6:20 PM,food,Zomato,2989
6664271e66cb1ac2237a0d725,12/4/2023,3:28 PM,mobile recharge,Paytm,637
6664271e66cb1ac2237a0d586,12/5/2023,8:37 AM,books,Amazon India,4068
6664271e66cb1ac2237a0d641,12/5/2023,1:11 AM,electronics,Reliance Digital,9483
6664271e66cb1ac2237a0d44,12/6/2023,2:45 PM,electricity,Adani Electricity,6672
6664271e66cb1ac2237a0d419,12/6/2023,10:28 AM,mobile recharge,Paytm,4751
6664271e66cb1ac2237a0d747,12/6/2023,7:10 PM,books,Amazon India,9466
6664271e66cb1ac2237a0d850,12/6/2023,12:19 AM,books,Amazon India,7968
6664271e66cb1ac2237a0d967,12/6/2023,3:19 PM,electricity,Adani Electricity,124
6664271e66cb1ac2237a0d480,12/7/2023,5:56 PM,books,Amazon India,8200
6664271e66cb1ac2237a0d562,12/7/2023,9:52 PM,clothing,Myntra,7079
6664271e66cb1ac2237a0d598,12/8/2023,3:02 PM,movies,BookMyShow,9853
6664271e66cb1ac2237a0d936,12/8/2023,11:58 PM,movies,BookMyShow,5429
6664271e66cb1ac2237a0d958,12/8/2023,2:27 PM,electricity,Adani Electricity,7658
6664271e66cb1ac2237a0d234,12/9/2023,9:21 AM,books,Amazon India,4847
6664271e66cb1ac2237a0d297,12/9/2023,8:55 PM,electronics,Reliance Digital,8184
6664271e66cb1ac2237a0d546,12/9/2023,9:49 AM,electricity,Adani Electricity,9325
6664271e66cb1ac2237a0d575,12/9/2023,4:11 AM,books,Amazon India,6114
6664271e66cb1ac2237a0d654,12/9/2023,12:46 AM,electricity,Adani Electricity,8217
6664271e66cb1ac2237a0d749,12/9/2023,8:37 AM,clothing,Myntra,9899
6664271e66cb1ac2237a0d776,12/9/2023,1:09 PM,movies,BookMyShow,6211
6664271e66cb1ac2237a0d838,12/9/2023,11:02 AM,food,Zomato,1150
6664271e66cb1ac2237a0d841,12/9/2023,8:27 PM,movies,BookMyShow,8075
6664271e66cb1ac2237a0d530,12/10/2023,10:16 PM,books,Amazon India,709
6664271e66cb1ac2237a0d549,12/10/2023,2:16 AM,movies,BookMyShow,2414
6664271e66cb1ac2237a0d342,12/11/2023,6:55 PM,clothing,Myntra,3678
6664271e66cb1ac2237a0d466,12/11/2023,11:29 PM,food,Zomato,4101
6664271e66cb1ac2237a0d565,12/11/2023,3:28 AM,mobile recharge,Paytm,9974
6664271e66cb1ac2237a0d886,12/12/2023,3:39 PM,books,Amazon India,6389
6664271e66cb1ac2237a0d902,12/12/2023,1:57 AM,electricity,Adani Electricity,9255
6664271e66cb1ac2237a0d225,12/13/2023,12:25 PM,movies,BookMyShow,2304
6664271e66cb1ac2237a0d450,12/13/2023,9:08 AM,electronics,Reliance Digital,9501
6664271e66cb1ac2237a0d454,12/13/2023,9:35 PM,food,Zomato,3630
6664271e66cb1ac2237a0d397,12/14/2023,3:27 PM,food,Zomato,220
6664271e66cb1ac2237a0d217,12/15/2023,12:25 AM,food,Zomato,5298
6664271e66cb1ac2237a0d576,12/15/2023,2:19 PM,electronics,Reliance Digital,3407
6664271e66cb1ac2237a0d627,12/16/2023,9:33 PM,clothing,Myntra,8093
6664271e66cb1ac2237a0d980,12/16/2023,1:35 PM,movies,BookMyShow,3652
6664271e66cb1ac2237a0d569,12/17/2023,7:24 PM,electricity,Adani Electricity,9767
6664271e66cb1ac2237a0d1001,12/19/2023,10:59 AM,movies,BookMyShow,9119
6664271e66cb1ac2237a0d631,12/20/2023,4:06 PM,groceries,BigBasket,9614
6664271e66cb1ac2237a0d753,12/20/2023,6:13 AM,food,Zomato,2410
6664271e66cb1ac2237a0d785,12/20/2023,7:15 PM,electricity,Adani Electricity,710
6664271e66cb1ac2237a0d787,12/20/2023,8:19 PM,books,Amazon India,6002
6664271e66cb1ac2237a0d131,12/21/2023,11:39 PM,movies,BookMyShow,5689
6664271e66cb1ac2237a0d147,12/21/2023,12:15 AM,electricity,Adani Electricity,2152
6664271e66cb1ac2237a0d381,12/21/2023,6:47 AM,electricity,Adani Electricity,2061
6664271e66cb1ac2237a0d434,12/21/2023,7:45 PM,electronics,Reliance Digital,3860
6664271e66cb1ac2237a0d479,12/21/2023,12:02 AM,food,Zomato,8672
6664271e66cb1ac2237a0d875,12/21/2023,2:47 PM,electricity,Adani Electricity,9497
6664271e66cb1ac2237a0d705,12/22/2023,11:29 AM,mobile recharge,Paytm,5928
6664271e66cb1ac2237a0d136,12/23/2023,4:46 AM,clothing,Myntra,2467
6664271e66cb1ac2237a0d968,12/23/2023,5:51 PM,electricity,Adani Electricity,6518
6664271e66cb1ac2237a0d38,12/24/2023,6:37 PM,books,Amazon India,7732
6664271e66cb1ac2237a0d261,12/24/2023,2:21 AM,mobile recharge,Paytm,4544
6664271e66cb1ac2237a0d532,12/24/2023,6:13 AM,movies,BookMyShow,7028
6664271e66cb1ac2237a0d791,12/24/2023,6:02 AM,food,Zomato,8719
6664271e66cb1ac2237a0d860,12/24/2023,12:54 PM,food,Zomato,2813
6664271e66cb1ac2237a0d1013,12/24/2023,9:05 PM,groceries,BigBasket,1590
6664271e66cb1ac2237a0d592,12/25/2023,2:20 PM,clothing,Myntra,3213
6664271e66cb1ac2237a0d599,12/25/2023,6:53 AM,mobile recharge,Paytm,1521
6664271e66cb1ac2237a0d809,12/26/2023,11:39 PM,groceries,BigBasket,4394
6664271e66cb1ac2237a0d209,12/27/2023,6:04 AM,electricity,Adani Electricity,9798
6664271e66cb1ac2237a0d695,12/27/2023,5:59 AM,mobile recharge,Paytm,9452
6664271e66cb1ac2237a0d711,12/27/2023,9:47 PM,food,Zomato,1150
6664271e66cb1ac2237a0d150,12/28/2023,1:17 AM,movies,BookMyShow,2813
6664271e66cb1ac2237a0d756,12/28/2023,7:29 AM,books,Amazon India,1682
6664271e66cb1ac2237a0d630,12/30/2023,3:30 PM,food,Zomato,1725
6664271e66cb1ac2237a0d855,12/30/2023,5:49 AM,food,Zomato,1993
6664271e66cb1ac2237a0d961,12/30/2023,9:30 PM,electronics,Reliance Digital,2954
6664271e66cb1ac2237a0d761,12/31/2023,12:48 AM,mobile recharge,Paytm,3982
6664271e66cb1ac2237a0d145,1/1/2024,7:50 PM,food,Zomato,7698
6664271e66cb1ac2237a0d159,1/1/2024,2:28 PM,electricity,Adani Electricity,2600
6664271e66cb1ac2237a0d170,1/1/2024,4:55 PM,groceries,BigBasket,6387
6664271e66cb1ac2237a0d412,1/1/2024,10:10 AM,mobile recharge,Paytm,6877
6664271e66cb1ac2237a0d431,1/1/2024,5:10 PM,movies,BookMyShow,2423
6664271e66cb1ac2237a0d859,1/1/2024,10:18 AM,groceries,BigBasket,461
6664271e66cb1ac2237a0d489,1/2/2024,11:46 PM,food,Zomato,2208
6664271e66cb1ac2237a0d676,1/2/2024,12:31 PM,electronics,Reliance Digital,8187
6664271e66cb1ac2237a0d699,1/2/2024,8:42 PM,clothing,Myntra,8669
6664271e66cb1ac2237a0d741,1/2/2024,6:23 AM,food,Zomato,3229
6664271e66cb1ac2237a0d426,1/3/2024,11:18 AM,food,Zomato,8561
6664271e66cb1ac2237a0d854,1/3/2024,6:19 AM,electronics,Reliance Digital,9081
6664271e66cb1ac2237a0d394,1/4/2024,12:33 PM,clothing,Myntra,7574
6664271e66cb1ac2237a0d438,1/4/2024,4:52 PM,groceries,BigBasket,8777
6664271e66cb1ac2237a0d471,1/4/2024,5:06 PM,groceries,BigBasket,2959
6664271e66cb1ac2237a0d920,1/4/2024,9:17 PM,electricity,Adani Electricity,5010
6664271e66cb1ac2237a0d146,1/5/2024,4:18 AM,movies,BookMyShow,1909
6664271e66cb1ac2237a0d667,1/5/2024,4:40 PM,books,Amazon India,1560
6664271e66cb1ac2237a0d135,1/6/2024,9:05 AM,groceries,BigBasket,5067
6664271e66cb1ac2237a0d962,1/6/2024,9:51 AM,electricity,Adani Electricity,5500
6664271e66cb1ac2237a0d58,1/7/2024,3:42 PM,groceries,BigBasket,605
6664271e66cb1ac2237a0d891,1/7/2024,2:08 AM,books,Amazon India,9535
6664271e66cb1ac2237a0d1015,1/7/2024,11:31 AM,movies,BookMyShow,8737
6664271e66cb1ac2237a0d589,1/8/2024,9:07 PM,mobile recharge,Paytm,8932
6664271e66cb1ac2237a0d956,1/8/2024,2:22 AM,movies,BookMyShow,2926
6664271e66cb1ac2237a0d124,1/9/2024,12:30 PM,electricity,Adani Electricity,1286
6664271e66cb1ac2237a0d216,1/9/2024,5:08 AM,movies,BookMyShow,9308
6664271e66cb1ac2237a0d118,1/10/2024,2:01 AM,mobile recharge,Paytm,20
6664271e66cb1ac2237a0d591,1/10/2024,11:40 PM,clothing,Myntra,3470
6664271e66cb1ac2237a0d53,1/11/2024,10:45 AM,movies,BookMyShow,7199
6664271e66cb1ac2237a0d615,1/11/2024,5:24 PM,clothing,Myntra,3688
6664271e66cb1ac2237a0d751,1/11/2024,8:06 PM,electricity,Adani Electricity,9473
6664271e66cb1ac2237a0d59,1/12/2024,12:23 PM,electronics,Reliance Digital,789
6664271e66cb1ac2237a0d141,1/12/2024,3:29 PM,clothing,Myntra,7725
6664271e66cb1ac2237a0d330,1/12/2024,12:24 AM,electronics,Reliance Digital,8222
6664271e66cb1ac2237a0d185,1/13/2024,2:14 AM,clothing,Myntra,5903
6664271e66cb1ac2237a0d842,1/13/2024,11:44 AM,clothing,Myntra,5479
6664271e66cb1ac2237a0d858,1/13/2024,10:00 AM,groceries,BigBasket,3970
6664271e66cb1ac2237a0d899,1/13/2024,10:31 AM,groceries,BigBasket,423
6664271e66cb1ac2237a0d156,1/14/2024,7:40 AM,movies,BookMyShow,3639
6664271e66cb1ac2237a0d326,1/14/2024,8:08 PM,mobile recharge,Paytm,1827
6664271e66cb1ac2237a0d97,1/15/2024,9:35 AM,food,Zomato,4290
6664271e66cb1ac2237a0d308,1/15/2024,11:51 PM,mobile recharge,Paytm,7460
6664271e66cb1ac2237a0d750,1/15/2024,8:24 PM,groceries,BigBasket,1455
6664271e66cb1ac2237a0d981,1/15/2024,12:13 PM,mobile recharge,Paytm,2201
6664271e66cb1ac2237a0d349,1/16/2024,11:47 AM,electronics,Reliance Digital,2469
6664271e66cb1ac2237a0d357,1/16/2024,12:45 AM,movies,BookMyShow,3133
6664271e66cb1ac2237a0d406,1/16/2024,11:15 AM,movies,BookMyShow,3515
6664271e66cb1ac2237a0d783,1/16/2024,10:15 PM,mobile recharge,Paytm,4580
6664271e66cb1ac2237a0d784,1/16/2024,1:16 PM,clothing,Myntra,1284
6664271e66cb1ac2237a0d285,1/17/2024,7:57 PM,mobile recharge,Paytm,237
6664271e66cb1ac2237a0d319,1/17/2024,10:49 AM,electronics,Reliance Digital,5743
6664271e66cb1ac2237a0d616,1/17/2024,6:05 AM,clothing,Myntra,5297
6664271e66cb1ac2237a0d122,1/18/2024,2:28 AM,groceries,BigBasket,1433
6664271e66cb1ac2237a0d190,1/18/2024,1:47 AM,electronics,Reliance Digital,8224
6664271e66cb1ac2237a0d198,1/18/2024,5:26 PM,clothing,Myntra,9894
6664271e66cb1ac2237a0d354,1/19/2024,12:41 PM,food,Zomato,8111
6664271e66cb1ac2237a0d452,1/19/2024,5:20 AM,mobile recharge,Paytm,1184
6664271e66cb1ac2237a0d482,1/19/2024,8:27 AM,books,Amazon India,6223
6664271e66cb1ac2237a0d104,1/20/2024,8:05 AM,electronics,Reliance Digital,3254
6664271e66cb1ac2237a0d125,1/20/2024,2:38 PM,electronics,Reliance Digital,3278
6664271e66cb1ac2237a0d143,1/20/2024,10:01 AM,food,Zomato,2000
6664271e66cb1ac2237a0d266,1/20/2024,2:34 PM,groceries,BigBasket,185
6664271e66cb1ac2237a0d332,1/20/2024,10:41 AM,movies,BookMyShow,7956
6664271e66cb1ac2237a0d543,1/20/2024,12:43 AM,electronics,Reliance Digital,3006
6664271e66cb1ac2237a0d896,1/20/2024,6:43 AM,movies,BookMyShow,3097
6664271e66cb1ac2237a0d64,1/21/2024,8:52 AM,movies,BookMyShow,1311
6664271e66cb1ac2237a0d251,1/21/2024,5:22 AM,groceries,BigBasket,5241
6664271e66cb1ac2237a0d400,1/21/2024,3:05 AM,electronics,Reliance Digital,310
6664271e66cb1ac2237a0d507,1/21/2024,2:54 PM,clothing,Myntra,2102
6664271e66cb1ac2237a0d796,1/21/2024,3:36 AM,electricity,Adani Electricity,6118
6664271e66cb1ac2237a0d847,1/21/2024,8:37 AM,electronics,Reliance Digital,849
6664271e66cb1ac2237a0d499,1/22/2024,5:25 PM,movies,BookMyShow,466
6664271e66cb1ac2237a0d525,1/22/2024,11:42 PM,movies,BookMyShow,143
6664271e66cb1ac2237a0d411,1/24/2024,2:29 AM,food,Zomato,7674
6664271e66cb1ac2237a0d413,1/24/2024,5:15 AM,movies,BookMyShow,7585
6664271e66cb1ac2237a0d460,1/24/2024,1:31 PM,groceries,BigBasket,3036
6664271e66cb1ac2237a0d513,1/24/2024,7:52 PM,movies,BookMyShow,1083
6664271e66cb1ac2237a0d801,1/24/2024,3:08 AM,food,Zomato,3402
6664271e66cb1ac2237a0d811,1/24/2024,9:57 PM,movies,BookMyShow,8237
6664271e66cb1ac2237a0d96,1/25/2024,5:59 PM,electronics,Reliance Digital,450
6664271e66cb1ac2237a0d260,1/25/2024,2:58 PM,books,Amazon India,5068
6664271e66cb1ac2237a0d744,1/25/2024,7:44 AM,mobile recharge,Paytm,6700
6664271e66cb1ac2237a0d1017,1/25/2024,2:22 PM,food,Zomato,7262
6664271e66cb1ac2237a0d372,1/26/2024,10:06 AM,electronics,Reliance Digital,4087
6664271e66cb1ac2237a0d973,1/26/2024,8:35 PM,movies,BookMyShow,7462
6664271e66cb1ac2237a0d475,1/27/2024,8:41 AM,groceries,BigBasket,4796
6664271e66cb1ac2237a0d545,1/27/2024,4:14 AM,movies,BookMyShow,203
6664271e66cb1ac2237a0d554,1/27/2024,12:54 PM,mobile recharge,Paytm,6524
6664271e66cb1ac2237a0d556,1/27/2024,6:05 PM,clothing,Myntra,6461
6664271e66cb1ac2237a0d718,1/27/2024,5:02 PM,mobile recharge,Paytm,144
6664271e66cb1ac2237a0d548,1/28/2024,8:48 PM,food,Zomato,5587
6664271e66cb1ac2237a0d723,1/28/2024,10:29 PM,food,Zomato,1520
6664271e66cb1ac2237a0d45,1/29/2024,12:29 AM,electronics,Reliance Digital,2847
6664271e66cb1ac2237a0d587,1/29/2024,3:02 PM,groceries,BigBasket,7036
6664271e66cb1ac2237a0d882,1/29/2024,11:03 PM,electricity,Adani Electricity,8033
6664271e66cb1ac2237a0d250,1/30/2024,10:43 AM,electricity,Adani Electricity,7083
6664271e66cb1ac2237a0d395,1/30/2024,5:27 AM,groceries,BigBasket,5341
6664271e66cb1ac2237a0d472,1/30/2024,6:11 AM,groceries,BigBasket,7436
6664271e66cb1ac2237a0d714,1/30/2024,4:29 PM,mobile recharge,Paytm,4509
6664271e66cb1ac2237a0d174,1/31/2024,5:11 PM,electronics,Reliance Digital,6859
6664271e66cb1ac2237a0d521,1/31/2024,2:01 PM,mobile recharge,Paytm,5913
6664271e66cb1ac2237a0d233,2/1/2024,9:08 AM,electronics,Reliance Digital,3676
6664271e66cb1ac2237a0d240,2/1/2024,7:55 AM,mobile recharge,Paytm,3558
6664271e66cb1ac2237a0d660,2/1/2024,9:47 PM,electronics,Reliance Digital,9263
6664271e66cb1ac2237a0d704,2/4/2024,5:41 AM,groceries,BigBasket,8814
6664271e66cb1ac2237a0d866,2/4/2024,4:05 AM,mobile recharge,Paytm,5363
6664271e66cb1ac2237a0d227,2/5/2024,11:09 PM,clothing,Myntra,6185
6664271e66cb1ac2237a0d621,2/5/2024,9:25 PM,electricity,Adani Electricity,3924
6664271e66cb1ac2237a0d715,2/5/2024,2:54 AM,mobile recharge,Paytm,8425
6664271e66cb1ac2237a0d922,2/5/2024,10:04 PM,food,Zomato,5944
6664271e66cb1ac2237a0d99,2/6/2024,7:58 AM,clothing,Myntra,1130
6664271e66cb1ac2237a0d142,2/6/2024,6:02 PM,electronics,Reliance Digital,2812
6664271e66cb1ac2237a0d851,2/6/2024,6:09 AM,food,Zomato,3558
6664271e66cb1ac2237a0d39,2/7/2024,4:50 AM,books,Amazon India,2395
6664271e66cb1ac2237a0d89,2/7/2024,1:33 PM,mobile recharge,Paytm,6068
6664271e66cb1ac2237a0d385,2/7/2024,12:57 AM,food,Zomato,9707
6664271e66cb1ac2237a0d644,2/7/2024,7:37 AM,clothing,Myntra,6902
6664271e66cb1ac2237a0d908,2/7/2024,4:23 PM,movies,BookMyShow,8515
6664271e66cb1ac2237a0d914,2/7/2024,2:32 AM,mobile recharge,Paytm,408
6664271e66cb1ac2237a0d79,2/8/2024,10:33 AM,electricity,Adani Electricity,9027
6664271e66cb1ac2237a0d199,2/8/2024,9:13 AM,books,Amazon India,6213
6664271e66cb1ac2237a0d207,2/8/2024,9:40 PM,movies,BookMyShow,1954
6664271e66cb1ac2237a0d682,2/8/2024,10:21 PM,groceries,BigBasket,6229
6664271e66cb1ac2237a0d927,2/8/2024,3:13 PM,mobile recharge,Paytm,8253
6664271e66cb1ac2237a0d98,2/9/2024,5:32 PM,groceries,BigBasket,9960
6664271e66cb1ac2237a0d458,2/9/2024,7:58 AM,groceries,BigBasket,4663
6664271e66cb1ac2237a0d677,2/9/2024,6:50 PM,electronics,Reliance Digital,6274
6664271e66cb1ac2237a0d722,2/9/2024,5:01 PM,groceries,BigBasket,6755
6664271e66cb1ac2237a0d520,2/10/2024,9:12 PM,electricity,Adani Electricity,1318
6664271e66cb1ac2237a0d938,2/10/2024,10:14 AM,mobile recharge,Paytm,7068
6664271e66cb1ac2237a0d178,2/11/2024,6:18 PM,food,Zomato,1631
6664271e66cb1ac2237a0d245,2/11/2024,8:24 AM,food,Zomato,7669
6664271e66cb1ac2237a0d441,2/11/2024,4:00 AM,clothing,Myntra,4176
6664271e66cb1ac2237a0d264,2/12/2024,11:20 AM,movies,BookMyShow,2895
6664271e66cb1ac2237a0d384,2/12/2024,1:53 PM,electronics,Reliance Digital,9737
6664271e66cb1ac2237a0d845,2/12/2024,2:59 PM,groceries,BigBasket,3554
6664271e66cb1ac2237a0d1011,2/12/2024,8:14 PM,electronics,Reliance Digital,7493
6664271e66cb1ac2237a0d467,2/13/2024,9:41 PM,mobile recharge,Paytm,8231
6664271e66cb1ac2237a0d541,2/13/2024,1:12 PM,electronics,Reliance Digital,9214
6664271e66cb1ac2237a0d40,2/15/2024,2:36 AM,groceries,BigBasket,3521
6664271e66cb1ac2237a0d335,2/15/2024,4:06 PM,mobile recharge,Paytm,626
6664271e66cb1ac2237a0d368,2/15/2024,10:36 AM,mobile recharge,Paytm,6522
6664271e66cb1ac2237a0d653,2/15/2024,4:23 AM,movies,BookMyShow,1612
6664271e66cb1ac2237a0d656,2/15/2024,11:16 PM,electronics,Reliance Digital,4188
6664271e66cb1ac2237a0d827,2/15/2024,6:14 PM,food,Zomato,3230
6664271e66cb1ac2237a0d340,2/16/2024,10:58 AM,electricity,Adani Electricity,2310
6664271e66cb1ac2237a0d736,2/16/2024,5:47 AM,movies,BookMyShow,6088
6664271e66cb1ac2237a0d1014,2/16/2024,9:03 PM,movies,BookMyShow,7051
6664271e66cb1ac2237a0d461,2/17/2024,4:26 PM,groceries,BigBasket,7653
6664271e66cb1ac2237a0d605,2/17/2024,12:44 PM,clothing,Myntra,7759
6664271e66cb1ac2237a0d985,2/17/2024,11:19 AM,groceries,BigBasket,8098
6664271e66cb1ac2237a0d221,2/18/2024,6:39 AM,electricity,Adani Electricity,4268
6664271e66cb1ac2237a0d223,2/18/2024,4:18 AM,books,Amazon India,8880
6664271e66cb1ac2237a0d312,2/18/2024,8:28 PM,electronics,Reliance Digital,4735
6664271e66cb1ac2237a0d112,2/20/2024,6:02 PM,clothing,Myntra,4988
6664271e66cb1ac2237a0d1021,2/20/2024,8:49 PM,electricity,Adani Electricity,1295
6664271e66cb1ac2237a0d508,2/21/2024,7:46 PM,food,Zomato,5959
6664271e66cb1ac2237a0d848,2/21/2024,1:32 PM,groceries,BigBasket,9921
6664271e66cb1ac2237a0d934,2/21/2024,9:53 PM,food,Zomato,4061
6664271e66cb1ac2237a0d254,2/22/2024,5:29 AM,books,Amazon India,4784
6664271e66cb1ac2237a0d788,2/22/2024,12:27 PM,mobile recharge,Paytm,5055
6664271e66cb1ac2237a0d162,2/23/2024,1:14 AM,books,Amazon India,8001
6664271e66cb1ac2237a0d393,2/23/2024,7:54 PM,movies,BookMyShow,671
6664271e66cb1ac2237a0d398,2/23/2024,8:22 AM,food,Zomato,9484
6664271e66cb1ac2237a0d415,2/23/2024,4:50 PM,electronics,Reliance Digital,63
6664271e66cb1ac2237a0d970,2/23/2024,1:38 PM,electricity,Adani Electricity,4278
6664271e66cb1ac2237a0d988,2/23/2024,3:11 AM,clothing,Myntra,4942
6664271e66cb1ac2237a0d1030,2/23/2024,5:08 PM,food,Zomato,1975
6664271e66cb1ac2237a0d41,2/24/2024,7:33 AM,movies,BookMyShow,1103
6664271e66cb1ac2237a0d54,2/24/2024,6:04 AM,electronics,Reliance Digital,5525
6664271e66cb1ac2237a0d74,2/24/2024,9:12 PM,books,Amazon India,5266
6664271e66cb1ac2237a0d329,2/24/2024,5:21 AM,clothing,Myntra,9089
6664271e66cb1ac2237a0d529,2/24/2024,10:28 AM,clothing,Myntra,2585
6664271e66cb1ac2237a0d396,2/25/2024,7:27 AM,groceries,BigBasket,310
6664271e66cb1ac2237a0d490,2/25/2024,3:04 AM,mobile recharge,Paytm,3975
6664271e66cb1ac2237a0d522,2/25/2024,9:00 PM,books,Amazon India,8811
6664271e66cb1ac2237a0d280,2/26/2024,4:45 AM,electricity,Adani Electricity,4795
6664271e66cb1ac2237a0d50,2/27/2024,7:20 AM,movies,BookMyShow,8421
6664271e66cb1ac2237a0d243,2/27/2024,4:29 AM,electricity,Adani Electricity,5602
6664271e66cb1ac2237a0d476,2/27/2024,7:38 AM,movies,BookMyShow,5374
6664271e66cb1ac2237a0d139,2/28/2024,7:22 AM,electronics,Reliance Digital,9647
6664271e66cb1ac2237a0d538,2/28/2024,8:22 PM,clothing,Myntra,1562
6664271e66cb1ac2237a0d812,2/28/2024,1:56 PM,food,Zomato,2238
6664271e66cb1ac2237a0d75,2/29/2024,11:52 PM,mobile recharge,Paytm,6066
6664271e66cb1ac2237a0d78,2/29/2024,10:45 PM,mobile recharge,Paytm,1992
6664271e66cb1ac2237a0d503,2/29/2024,5:03 PM,clothing,Myntra,9455
6664271e66cb1ac2237a0d439,3/1/2024,8:05 AM,groceries,BigBasket,8079
6664271e66cb1ac2237a0d759,3/1/2024,4:26 PM,food,Zomato,4800
6664271e66cb1ac2237a0d999,3/1/2024,12:16 AM,movies,BookMyShow,241
6664271e66cb1ac2237a0d82,3/2/2024,7:11 PM,groceries,BigBasket,2716
6664271e66cb1ac2237a0d229,3/2/2024,4:10 AM,clothing,Myntra,9664
6664271e66cb1ac2237a0d276,3/2/2024,1:29 PM,movies,BookMyShow,6540
6664271e66cb1ac2237a0d334,3/2/2024,11:49 AM,books,Amazon India,8603
6664271e66cb1ac2237a0d828,3/2/2024,11:41 AM,electricity,Adani Electricity,1746
6664271e66cb1ac2237a0d904,3/2/2024,9:59 AM,food,Zomato,8601
6664271e66cb1ac2237a0d929,3/2/2024,10:36 AM,electronics,Reliance Digital,6867
6664271e66cb1ac2237a0d517,3/3/2024,2:52 AM,electronics,Reliance Digital,2946
6664271e66cb1ac2237a0d252,3/4/2024,12:01 PM,groceries,BigBasket,4312
6664271e66cb1ac2237a0d887,3/4/2024,6:06 PM,clothing,Myntra,378
6664271e66cb1ac2237a0d949,3/4/2024,3:55 PM,mobile recharge,Paytm,8500
6664271e66cb1ac2237a0d950,3/4/2024,6:33 AM,food,Zomato,8034
6664271e66cb1ac2237a0d169,3/5/2024,9:50 PM,groceries,BigBasket,5062
6664271e66cb1ac2237a0d180,3/5/2024,8:09 PM,mobile recharge,Paytm,9796
6664271e66cb1ac2237a0d923,3/5/2024,8:45 AM,mobile recharge,Paytm,7572
6664271e66cb1ac2237a0d300,3/6/2024,8:39 PM,food,Zomato,2810
6664271e66cb1ac2237a0d492,3/6/2024,9:01 PM,movies,BookMyShow,5722
6664271e66cb1ac2237a0d320,3/7/2024,9:40 AM,electricity,Adani Electricity,136
6664271e66cb1ac2237a0d832,3/7/2024,4:05 AM,clothing,Myntra,3958
6664271e66cb1ac2237a0d863,3/7/2024,12:02 AM,mobile recharge,Paytm,3508
6664271e66cb1ac2237a0d918,3/7/2024,11:23 PM,movies,BookMyShow,8558
6664271e66cb1ac2237a0d632,3/8/2024,11:20 PM,groceries,BigBasket,4586
6664271e66cb1ac2237a0d1023,3/8/2024,11:43 PM,books,Amazon India,6676
6664271e66cb1ac2237a0d263,3/9/2024,11:15 AM,food,Zomato,8044
6664271e66cb1ac2237a0d786,3/9/2024,7:05 PM,electronics,Reliance Digital,3294
6664271e66cb1ac2237a0d872,3/9/2024,4:50 PM,mobile recharge,Paytm,7067
6664271e66cb1ac2237a0d626,3/10/2024,4:11 AM,electronics,Reliance Digital,4868
6664271e66cb1ac2237a0d734,3/10/2024,10:17 AM,electronics,Reliance Digital,2002
6664271e66cb1ac2237a0d892,3/10/2024,10:32 AM,movies,BookMyShow,7778
6664271e66cb1ac2237a0d288,3/11/2024,3:34 PM,books,Amazon India,6811
6664271e66cb1ac2237a0d313,3/11/2024,2:18 PM,groceries,BigBasket,620
6664271e66cb1ac2237a0d403,3/11/2024,6:23 PM,books,Amazon India,1172
6664271e66cb1ac2237a0d880,3/11/2024,1:01 AM,electricity,Adani Electricity,7448
6664271e66cb1ac2237a0d195,3/12/2024,6:39 PM,electronics,Reliance Digital,873
6664271e66cb1ac2237a0d762,3/12/2024,11:56 PM,clothing,Myntra,8160
6664271e66cb1ac2237a0d911,3/12/2024,3:29 AM,electricity,Adani Electricity,5638
6664271e66cb1ac2237a0d954,3/12/2024,7:54 PM,mobile recharge,Paytm,1881
6664271e66cb1ac2237a0d361,3/13/2024,3:25 PM,movies,BookMyShow,2335
6664271e66cb1ac2237a0d661,3/13/2024,3:09 PM,groceries,BigBasket,7602
6664271e66cb1ac2237a0d680,3/13/2024,3:15 AM,movies,BookMyShow,5123
6664271e66cb1ac2237a0d579,3/14/2024,10:31 AM,electronics,Reliance Digital,3030
6664271e66cb1ac2237a0d247,3/15/2024,3:19 PM,food,Zomato,557
6664271e66cb1ac2237a0d404,3/15/2024,9:56 PM,clothing,Myntra,4660
6664271e66cb1ac2237a0d604,3/15/2024,5:44 PM,mobile recharge,Paytm,6196
6664271e66cb1ac2237a0d634,3/15/2024,5:04 PM,electronics,Reliance Digital,7485
6664271e66cb1ac2237a0d133,3/16/2024,7:36 AM,books,Amazon India,6461
6664271e66cb1ac2237a0d224,3/16/2024,12:49 PM,books,Amazon India,240
6664271e66cb1ac2237a0d721,3/16/2024,9:07 PM,clothing,Myntra,6383
6664271e66cb1ac2237a0d486,3/17/2024,7:08 AM,movies,BookMyShow,592
6664271e66cb1ac2237a0d815,3/17/2024,2:47 PM,electricity,Adani Electricity,8357
6664271e66cb1ac2237a0d369,3/18/2024,2:11 AM,books,Amazon India,430
6664271e66cb1ac2237a0d272,3/20/2024,12:02 PM,mobile recharge,Paytm,3947
6664271e66cb1ac2237a0d370,3/20/2024,5:46 PM,clothing,Myntra,3931
6664271e66cb1ac2237a0d496,3/20/2024,5:30 AM,food,Zomato,1855
6664271e66cb1ac2237a0d116,3/23/2024,4:29 PM,groceries,BigBasket,9920
6664271e66cb1ac2237a0d203,3/23/2024,1:01 AM,electricity,Adani Electricity,8415
6664271e66cb1ac2237a0d375,3/24/2024,5:09 AM,groceries,BigBasket,5159
6664271e66cb1ac2237a0d436,3/24/2024,11:06 PM,mobile recharge,Paytm,6793
6664271e66cb1ac2237a0d540,3/24/2024,3:08 AM,books,Amazon India,4012
6664271e66cb1ac2237a0d820,3/24/2024,3:55 AM,electronics,Reliance Digital,5326
6664271e66cb1ac2237a0d164,3/25/2024,2:21 PM,movies,BookMyShow,5175
6664271e66cb1ac2237a0d282,3/25/2024,11:17 AM,clothing,Myntra,4068
6664271e66cb1ac2237a0d666,3/25/2024,12:24 PM,mobile recharge,Paytm,3910
6664271e66cb1ac2237a0d946,3/25/2024,3:14 AM,clothing,Myntra,1500
6664271e66cb1ac2237a0d321,3/26/2024,10:02 AM,mobile recharge,Paytm,9785
6664271e66cb1ac2237a0d996,3/26/2024,3:54 PM,food,Zomato,3727
6664271e66cb1ac2237a0d84,3/27/2024,5:41 PM,books,Amazon India,4452
6664271e66cb1ac2237a0d590,3/27/2024,11:07 PM,electronics,Reliance Digital,3927
6664271e66cb1ac2237a0d226,3/28/2024,1:48 PM,movies,BookMyShow,8394
6664271e66cb1ac2237a0d523,3/28/2024,5:00 PM,groceries,BigBasket,1863
6664271e66cb1ac2237a0d175,3/29/2024,9:02 AM,food,Zomato,8153
6664271e66cb1ac2237a0d625,3/30/2024,4:41 AM,electronics,Reliance Digital,1519
6664271e66cb1ac2237a0d716,3/30/2024,11:20 AM,food,Zomato,7459
6664271e66cb1ac2237a0d879,3/30/2024,5:04 AM,movies,BookMyShow,7716
6664271e66cb1ac2237a0d88,3/31/2024,11:22 PM,clothing,Myntra,9746
6664271e66cb1ac2237a0d328,4/1/2024,10:36 PM,groceries,BigBasket,3529
6664271e66cb1ac2237a0d478,4/1/2024,7:35 PM,food,Zomato,6200
6664271e66cb1ac2237a0d610,4/1/2024,4:48 PM,electricity,Adani Electricity,743
6664271e66cb1ac2237a0d844,4/1/2024,11:11 AM,food,Zomato,5244
6664271e66cb1ac2237a0d731,4/2/2024,6:28 PM,clothing,Myntra,3885
6664271e66cb1ac2237a0d877,4/2/2024,1:11 PM,books,Amazon India,4599
6664271e66cb1ac2237a0d1025,4/2/2024,1:30 PM,electricity,Adani Electricity,4305
6664271e66cb1ac2237a0d120,4/3/2024,5:12 AM,electronics,Reliance Digital,8369
6664271e66cb1ac2237a0d459,4/3/2024,9:53 PM,books,Amazon India,3367
6664271e66cb1ac2237a0d518,4/4/2024,5:54 AM,mobile recharge,Paytm,9826
6664271e66cb1ac2237a0d608,4/4/2024,11:13 AM,clothing,Myntra,244
6664271e66cb1ac2237a0d720,4/4/2024,11:16 PM,food,Zomato,793
6664271e66cb1ac2237a0d822,4/4/2024,6:41 AM,clothing,Myntra,4926
6664271e66cb1ac2237a0d358,4/5/2024,2:28 AM,food,Zomato,3080
6664271e66cb1ac2237a0d509,4/5/2024,3:41 AM,electricity,Adani Electricity,9128
6664271e66cb1ac2237a0d638,4/6/2024,3:28 AM,electricity,Adani Electricity,4954
6664271e66cb1ac2237a0d380,4/7/2024,7:02 AM,food,Zomato,8871
6664271e66cb1ac2237a0d425,4/7/2024,4:12 AM,groceries,BigBasket,5295
6664271e66cb1ac2237a0d700,4/7/2024,11:12 AM,electronics,Reliance Digital,642
6664271e66cb1ac2237a0d989,4/7/2024,6:26 AM,food,Zomato,6427
6664271e66cb1ac2237a0d1007,4/7/2024,2:02 PM,books,Amazon India,7228
6664271e66cb1ac2237a0d83,4/8/2024,12:02 AM,electricity,Adani Electricity,7890
6664271e66cb1ac2237a0d200,4/8/2024,11:00 PM,books,Amazon India,6091
6664271e66cb1ac2237a0d271,4/8/2024,7:35 AM,books,Amazon India,3471
6664271e66cb1ac2237a0d685,4/8/2024,5:54 AM,electronics,Reliance Digital,4014
6664271e66cb1ac2237a0d35,4/9/2024,9:33 AM,mobile recharge,Paytm,2275
6664271e66cb1ac2237a0d182,4/9/2024,1:58 PM,electricity,Adani Electricity,9828
6664271e66cb1ac2237a0d144,4/10/2024,4:40 AM,movies,BookMyShow,4897
6664271e66cb1ac2237a0d210,4/10/2024,12:07 PM,movies,BookMyShow,4264
6664271e66cb1ac2237a0d157,4/11/2024,7:35 AM,food,Zomato,5955
6664271e66cb1ac2237a0d505,4/12/2024,7:37 AM,books,Amazon India,1998
6664271e66cb1ac2237a0d719,4/13/2024,5:32 AM,food,Zomato,6435
6664271e66cb1ac2237a0d232,4/14/2024,9:45 PM,clothing,Myntra,7791
6664271e66cb1ac2237a0d422,4/14/2024,5:30 PM,clothing,Myntra,6097
6664271e66cb1ac2237a0d445,4/14/2024,12:12 AM,groceries,BigBasket,4493
6664271e66cb1ac2237a0d864,4/14/2024,12:40 AM,books,Amazon India,9808
6664271e66cb1ac2237a0d926,4/14/2024,9:16 AM,electronics,Reliance Digital,8187
6664271e66cb1ac2237a0d1016,4/14/2024,9:03 PM,mobile recharge,Paytm,2331
6664271e66cb1ac2237a0d109,4/15/2024,11:48 AM,electricity,Adani Electricity,5470
6664271e66cb1ac2237a0d344,4/15/2024,2:27 PM,mobile recharge,Paytm,8892
6664271e66cb1ac2237a0d447,4/15/2024,6:01 AM,clothing,Myntra,4374
6664271e66cb1ac2237a0d555,4/15/2024,4:57 AM,electricity,Adani Electricity,7616
6664271e66cb1ac2237a0d600,4/15/2024,5:03 AM,electricity,Adani Electricity,1647
6664271e66cb1ac2237a0d623,4/15/2024,7:14 PM,mobile recharge,Paytm,9588
6664271e66cb1ac2237a0d567,4/16/2024,12:24 PM,groceries,BigBasket,5359
6664271e66cb1ac2237a0d603,4/16/2024,10:55 AM,clothing,Myntra,8449
6664271e66cb1ac2237a0d294,4/17/2024,12:04 PM,mobile recharge,Paytm,1307
6664271e66cb1ac2237a0d944,4/17/2024,10:02 AM,books,Amazon India,9324
6664271e66cb1ac2237a0d214,4/18/2024,11:00 PM,food,Zomato,737
6664271e66cb1ac2237a0d797,4/18/2024,8:02 AM,mobile recharge,Paytm,1763
6664271e66cb1ac2237a0d121,4/19/2024,1:05 AM,mobile recharge,Paytm,5060
6664271e66cb1ac2237a0d248,4/19/2024,5:17 PM,movies,BookMyShow,4506
6664271e66cb1ac2237a0d571,4/19/2024,8:48 PM,clothing,Myntra,3107
6664271e66cb1ac2237a0d765,4/19/2024,11:32 PM,electricity,Adani Electricity,382
6664271e66cb1ac2237a0d775,4/19/2024,12:35 AM,clothing,Myntra,5130
6664271e66cb1ac2237a0d87,4/20/2024,7:09 PM,movies,BookMyShow,1219
6664271e66cb1ac2237a0d177,4/20/2024,7:12 AM,movies,BookMyShow,9011
6664271e66cb1ac2237a0d191,4/20/2024,6:01 AM,movies,BookMyShow,5164
6664271e66cb1ac2237a0d314,4/20/2024,2:31 AM,mobile recharge,Paytm,3830
6664271e66cb1ac2237a0d813,4/20/2024,9:37 PM,food,Zomato,8437
6664271e66cb1ac2237a0d111,4/21/2024,3:06 PM,electricity,Adani Electricity,2075
6664271e66cb1ac2237a0d470,4/21/2024,5:07 PM,clothing,Myntra,1928
6664271e66cb1ac2237a0d477,4/21/2024,11:21 AM,movies,BookMyShow,9524
6664271e66cb1ac2237a0d577,4/21/2024,8:47 AM,food,Zomato,3571
6664271e66cb1ac2237a0d258,4/22/2024,2:05 PM,books,Amazon India,5522
6664271e66cb1ac2237a0d659,4/22/2024,6:58 AM,books,Amazon India,2117
6664271e66cb1ac2237a0d537,4/23/2024,12:30 PM,mobile recharge,Paytm,9967
6664271e66cb1ac2237a0d964,4/23/2024,12:42 PM,electronics,Reliance Digital,3869
6664271e66cb1ac2237a0d993,4/23/2024,5:00 PM,movies,BookMyShow,8797
6664271e66cb1ac2237a0d360,4/24/2024,9:27 PM,clothing,Myntra,8304
6664271e66cb1ac2237a0d732,4/24/2024,3:32 AM,electricity,Adani Electricity,7425
6664271e66cb1ac2237a0d137,4/25/2024,1:21 PM,electronics,Reliance Digital,8100
6664271e66cb1ac2237a0d840,4/25/2024,7:29 AM,food,Zomato,7246
6664271e66cb1ac2237a0d1006,4/25/2024,9:51 AM,groceries,BigBasket,3272
6664271e66cb1ac2237a0d1009,4/25/2024,6:47 PM,food,Zomato,8737
6664271e66cb1ac2237a0d67,4/26/2024,7:47 PM,mobile recharge,Paytm,4279
6664271e66cb1ac2237a0d206,4/26/2024,11:24 PM,mobile recharge,Paytm,995
6664271e66cb1ac2237a0d333,4/26/2024,8:34 AM,food,Zomato,6606
6664271e66cb1ac2237a0d504,4/27/2024,5:52 PM,food,Zomato,7596
6664271e66cb1ac2237a0d557,4/27/2024,9:16 PM,clothing,Myntra,3573
6664271e66cb1ac2237a0d665,4/27/2024,10:26 AM,electronics,Reliance Digital,8666
6664271e66cb1ac2237a0d624,4/28/2024,5:56 AM,mobile recharge,Paytm,7194
6664271e66cb1ac2237a0d740,4/28/2024,7:58 PM,clothing,Myntra,8250
6664271e66cb1ac2237a0d893,4/28/2024,3:56 PM,electricity,Adani Electricity,5863
6664271e66cb1ac2237a0d1010,4/28/2024,5:18 PM,electricity,Adani Electricity,6999
6664271e66cb1ac2237a0d386,4/29/2024,2:23 PM,electricity,Adani Electricity,3740
6664271e66cb1ac2237a0d601,4/29/2024,11:40 PM,electronics,Reliance Digital,4460
6664271e66cb1ac2237a0d743,4/29/2024,2:18 AM,movies,BookMyShow,5538
6664271e66cb1ac2237a0d47,4/30/2024,7:30 AM,mobile recharge,Paytm,4332
6664271e66cb1ac2237a0d63,4/30/2024,6:05 PM,electronics,Reliance Digital,2148
6664271e66cb1ac2237a0d215,4/30/2024,5:36 AM,electricity,Adani Electricity,6127
6664271e66cb1ac2237a0d371,4/30/2024,6:49 PM,books,Amazon India,4180
6664271e66cb1ac2237a0d566,4/30/2024,2:00 PM,movies,BookMyShow,9544
6664271e66cb1ac2237a0d65,5/1/2024,10:12 PM,clothing,Myntra,1948
6664271e66cb1ac2237a0d278,5/1/2024,2:23 AM,electricity,Adani Electricity,9952
6664271e66cb1ac2237a0d737,5/1/2024,11:27 PM,food,Zomato,9762
6664271e66cb1ac2237a0d204,5/2/2024,7:06 AM,books,Amazon India,367
6664271e66cb1ac2237a0d318,5/3/2024,12:26 AM,food,Zomato,4286
6664271e66cb1ac2237a0d446,5/3/2024,5:41 PM,electricity,Adani Electricity,1658
6664271e66cb1ac2237a0d51,5/4/2024,1:40 AM,electricity,Adani Electricity,103
6664271e66cb1ac2237a0d451,5/4/2024,8:09 AM,electronics,Reliance Digital,7286
6664271e66cb1ac2237a0d647,5/4/2024,5:40 AM,electronics,Reliance Digital,8081
6664271e66cb1ac2237a0d129,5/5/2024,8:46 PM,electronics,Reliance Digital,5997
6664271e66cb1ac2237a0d1024,5/5/2024,7:51 AM,movies,BookMyShow,4722
6664271e66cb1ac2237a0d172,5/6/2024,7:11 AM,electricity,Adani Electricity,8268
6664271e66cb1ac2237a0d211,5/6/2024,6:40 AM,electricity,Adani Electricity,1099
6664271e66cb1ac2237a0d311,5/6/2024,4:40 AM,movies,BookMyShow,4387
6664271e66cb1ac2237a0d1020,5/6/2024,4:13 AM,books,Amazon India,3153
6664271e66cb1ac2237a0d81,5/7/2024,9:38 AM,mobile recharge,Paytm,2899
6664271e66cb1ac2237a0d748,5/7/2024,9:00 PM,movies,BookMyShow,2312
6664271e66cb1ac2237a0d937,5/7/2024,10:47 AM,mobile recharge,Paytm,1849
6664271e66cb1ac2237a0d481,5/8/2024,4:46 PM,electronics,Reliance Digital,4660
6664271e66cb1ac2237a0d573,5/8/2024,1:09 PM,groceries,BigBasket,9420
6664271e66cb1ac2237a0d781,5/8/2024,8:06 PM,movies,BookMyShow,4535
6664271e66cb1ac2237a0d803,5/8/2024,9:51 PM,food,Zomato,6941
6664271e66cb1ac2237a0d113,5/9/2024,10:09 AM,clothing,Myntra,6832
6664271e66cb1ac2237a0d857,5/9/2024,6:27 PM,clothing,Myntra,2204
6664271e66cb1ac2237a0d408,5/10/2024,9:10 AM,movies,BookMyShow,8729
6664271e66cb1ac2237a0d421,5/10/2024,6:15 PM,books,Amazon India,4837
6664271e66cb1ac2237a0d237,5/11/2024,11:09 PM,food,Zomato,9194
6664271e66cb1ac2237a0d268,5/11/2024,2:26 PM,food,Zomato,9787
6664271e66cb1ac2237a0d376,5/11/2024,2:45 AM,movies,BookMyShow,6983
6664271e66cb1ac2237a0d544,5/11/2024,9:44 PM,movies,BookMyShow,4036
6664271e66cb1ac2237a0d619,5/11/2024,11:02 AM,books,Amazon India,7528
6664271e66cb1ac2237a0d651,5/11/2024,9:00 PM,books,Amazon India,511
6664271e66cb1ac2237a0d727,5/11/2024,3:26 PM,movies,BookMyShow,2322
6664271e66cb1ac2237a0d531,5/13/2024,10:36 PM,clothing,Myntra,2815
6664271e66cb1ac2237a0d578,5/13/2024,12:26 AM,groceries,BigBasket,5353
6664271e66cb1ac2237a0d664,5/13/2024,4:36 PM,electronics,Reliance Digital,3004
6664271e66cb1ac2237a0d703,5/13/2024,11:13 PM,clothing,Myntra,9654
6664271e66cb1ac2237a0d123,5/14/2024,11:50 PM,food,Zomato,1012
6664271e66cb1ac2237a0d173,5/14/2024,10:13 AM,electronics,Reliance Digital,2755
6664271e66cb1ac2237a0d55,5/15/2024,1:04 PM,books,Amazon India,8046
6664271e66cb1ac2237a0d347,5/15/2024,12:26 AM,food,Zomato,4947
6664271e66cb1ac2237a0d355,5/15/2024,12:21 AM,movies,BookMyShow,2358
6664271e66cb1ac2237a0d367,5/15/2024,11:09 AM,groceries,BigBasket,3617
6664271e66cb1ac2237a0d763,5/15/2024,11:42 PM,clothing,Myntra,733
6664271e66cb1ac2237a0d804,5/15/2024,2:38 AM,electricity,Adani Electricity,4607
6664271e66cb1ac2237a0d814,5/15/2024,3:07 PM,books,Amazon India,9189
6664271e66cb1ac2237a0d435,5/16/2024,5:06 AM,mobile recharge,Paytm,1511
6664271e66cb1ac2237a0d613,5/16/2024,11:58 PM,mobile recharge,Paytm,2355
6664271e66cb1ac2237a0d167,5/17/2024,3:29 PM,groceries,BigBasket,2673
6664271e66cb1ac2237a0d558,5/18/2024,1:29 PM,clothing,Myntra,9445
6664271e66cb1ac2237a0d819,5/18/2024,9:45 AM,electronics,Reliance Digital,2778
6664271e66cb1ac2237a0d709,5/19/2024,4:01 AM,clothing,Myntra,1866
6664271e66cb1ac2237a0d46,5/20/2024,12:35 AM,movies,BookMyShow,1494
6664271e66cb1ac2237a0d77,5/20/2024,10:43 AM,food,Zomato,9108
6664271e66cb1ac2237a0d826,5/20/2024,7:25 AM,groceries,BigBasket,4831
6664271e66cb1ac2237a0d255,5/21/2024,12:56 PM,mobile recharge,Paytm,6931
6664271e66cb1ac2237a0d317,5/21/2024,10:13 AM,groceries,BigBasket,7007
6664271e66cb1ac2237a0d694,5/21/2024,10:13 PM,food,Zomato,2506
6664271e66cb1ac2237a0d563,5/22/2024,8:03 PM,clothing,Myntra,7045
6664271e66cb1ac2237a0d885,5/22/2024,2:09 AM,mobile recharge,Paytm,6495
6664271e66cb1ac2237a0d959,5/22/2024,2:01 PM,electronics,Reliance Digital,9489
6664271e66cb1ac2237a0d281,5/23/2024,6:46 PM,electricity,Adani Electricity,1284
6664271e66cb1ac2237a0d392,5/23/2024,12:36 AM,books,Amazon India,1654
6664271e66cb1ac2237a0d924,5/23/2024,6:16 PM,movies,BookMyShow,5455
6664271e66cb1ac2237a0d269,5/24/2024,6:10 PM,electricity,Adani Electricity,1422
6664271e66cb1ac2237a0d629,5/24/2024,9:48 AM,mobile recharge,Paytm,4895
6664271e66cb1ac2237a0d1005,5/24/2024,11:02 AM,electricity,Adani Electricity,3258
6664271e66cb1ac2237a0d1029,5/24/2024,6:21 AM,books,Amazon India,7642
6664271e66cb1ac2237a0d309,5/25/2024,9:22 AM,food,Zomato,8957
6664271e66cb1ac2237a0d670,5/25/2024,6:48 PM,movies,BookMyShow,4422
6664271e66cb1ac2237a0d883,5/25/2024,4:46 AM,electronics,Reliance Digital,7457
6664271e66cb1ac2237a0d898,5/27/2024,7:00 PM,food,Zomato,8204
6664271e66cb1ac2237a0d519,5/29/2024,8:42 AM,electronics,Reliance Digital,813
6664271e66cb1ac2237a0d690,5/29/2024,11:54 AM,movies,BookMyShow,4933
6664271e66cb1ac2237a0d696,5/29/2024,10:04 AM,movies,BookMyShow,7213
6664271e66cb1ac2237a0d873,5/29/2024,8:10 PM,food,Zomato,3168
6664271e66cb1ac2237a0d363,5/30/2024,9:11 PM,mobile recharge,Paytm,6059
6664271e66cb1ac2237a0d291,5/31/2024,1:09 PM,books,Amazon India,8876
6664271e66cb1ac2237a0d350,5/31/2024,5:22 PM,books,Amazon India,7928
6664271e66cb1ac2237a0d754,5/31/2024,11:05 PM,movies,BookMyShow,994
6664271e66cb1ac2237a0d49,6/1/2024,3:30 AM,movies,BookMyShow,7136
6664271e66cb1ac2237a0d76,6/1/2024,5:41 PM,books,Amazon India,4257
6664271e66cb1ac2237a0d197,6/1/2024,12:36 PM,groceries,BigBasket,2468
6664271e66cb1ac2237a0d457,6/1/2024,11:42 PM,movies,BookMyShow,1108
6664271e66cb1ac2237a0d669,6/1/2024,11:29 PM,food,Zomato,2246
6664271e66cb1ac2237a0d698,6/1/2024,4:11 AM,clothing,Myntra,3899
6664271e66cb1ac2237a0d960,6/1/2024,1:53 PM,books,Amazon India,4799
6664271e66cb1ac2237a0d966,6/1/2024,9:50 AM,clothing,Myntra,5869
6664271e66cb1ac2237a0d154,6/2/2024,12:38 AM,mobile recharge,Paytm,3207
6664271e66cb1ac2237a0d253,6/2/2024,5:30 PM,movies,BookMyShow,6540
6664271e66cb1ac2237a0d607,6/2/2024,3:43 PM,movies,BookMyShow,5531
6664271e66cb1ac2237a0d913,6/2/2024,4:26 PM,clothing,Myntra,4804
6664271e66cb1ac2237a0d917,6/2/2024,9:18 AM,clothing,Myntra,1128
6664271e66cb1ac2237a0d132,6/3/2024,4:57 PM,food,Zomato,9818
6664271e66cb1ac2237a0d274,6/3/2024,10:39 PM,food,Zomato,6695
6664271e66cb1ac2237a0d758,6/3/2024,10:56 PM,clothing,Myntra,7306
6664271e66cb1ac2237a0d947,6/3/2024,3:09 PM,movies,BookMyShow,963
6664271e66cb1ac2237a0d652,6/4/2024,5:58 PM,electricity,Adani Electricity,5156
6664271e66cb1ac2237a0d833,6/4/2024,1:15 PM,electronics,Reliance Digital,4604
6664271e66cb1ac2237a0d835,6/4/2024,5:05 AM,clothing,Myntra,2210
6664271e66cb1ac2237a0d900,6/4/2024,12:21 AM,movies,BookMyShow,2307
6664271e66cb1ac2237a0d236,6/5/2024,4:53 AM,electronics,Reliance Digital,7828
6664271e66cb1ac2237a0d163,6/6/2024,9:48 PM,books,Amazon India,3948
6664271e66cb1ac2237a0d766,6/7/2024,4:58 AM,electronics,Reliance Digital,904
